biomarker;correlation_type;neurotransmitter;receptor;region_type;n;rho;pvalue;p_spin;pvalue_fdr;sig_fdr
fdg;delta_all;dopamine;D1;cortical;62;-0,1764;0,17009961;0,31968032;0,848484848;FALSE
fdg;delta_all;dopamine;D2;cortical;62;-0,0717;0,579759472;0,634365634;0,848484848;FALSE
fdg;delta_all;dopamine;DAT;cortical;62;0,1172;0,364426216;0,456543457;0,848484848;FALSE
fdg;delta_all;dopamine;D1;subcortical;19;0,307;0,201054032;;0,36223551;FALSE
fdg;delta_all;dopamine;D2;subcortical;19;0,2;0,411681013;;0,506684324;FALSE
fdg;delta_all;dopamine;DAT;subcortical;19;0,5175;0,023237901;;0,185903207;FALSE
fdg;delta_all;ach;VAChT;cortical;62;0,162;0,20827654;0,341658342;0,848484848;FALSE
fdg;delta_all;ach;M1;cortical;62;-0,0471;0,716127452;0,777222777;0,89396318;FALSE
fdg;delta_all;ach;A4B2;cortical;62;-0,0188;0,884619522;0,887112887;0,946253746;FALSE
fdg;delta_all;ach;VAChT;subcortical;19;0,1737;0,477017149;;0,52828383;FALSE
fdg;delta_all;ach;M1;subcortical;19;0,2982;0,214890107;;0,36223551;FALSE
fdg;delta_all;ach;A4B2;subcortical;19;-0,1667;0,495266091;;0,52828383;FALSE
fdg;delta_all;gaba;GABAa-bz;cortical;62;-0,0997;0,440736823;0,617382617;0,848484848;FALSE
fdg;delta_all;gaba;GABAa;cortical;62;-0,0481;0,710322976;0,782217782;0,89396318;FALSE
fdg;delta_all;gaba;GABAa-bz;subcortical;19;0,3158;0,187821456;;0,36223551;FALSE
fdg;delta_all;gaba;GABAa;subcortical;19;0,3509;0,140774956;;0,36223551;FALSE
fdg;delta_all;serotonin;5HT1a;cortical;62;-0,0747;0,564108392;0,616383616;0,848484848;FALSE
fdg;delta_all;serotonin;5HT1b;cortical;62;-0,0738;0,568597632;0,636363636;0,848484848;FALSE
fdg;delta_all;serotonin;5HT2a;cortical;62;-0,2639;0,038189103;0,093906094;0,375624376;FALSE
fdg;delta_all;serotonin;5HT4;cortical;62;-0,4418;0,000325018;0,012987013;0,181152181;FALSE
fdg;delta_all;serotonin;5HT6;cortical;62;0,0089;0,945331337;0,955044955;0,955044955;FALSE
fdg;delta_all;serotonin;5HTT;cortical;62;0,3729;0,00283889;0,030969031;0,181152181;FALSE
fdg;delta_all;serotonin;5HT1a;subcortical;19;0,3211;0,180168855;;0,36223551;FALSE
fdg;delta_all;serotonin;5HT1b;subcortical;19;0,6982;0,000884699;;0,014155186;TRUE
fdg;delta_all;serotonin;5HT2a;subcortical;19;0,2912;0,226397194;;0,36223551;FALSE
fdg;delta_all;serotonin;5HT4;subcortical;19;0,3018;0,20928288;;0,36223551;FALSE
fdg;delta_all;serotonin;5HT6;subcortical;19;0,2456;0,310792865;;0,452062349;FALSE
fdg;delta_all;serotonin;5HTT;subcortical;19;0,3877;0,100965151;;0,36223551;FALSE
fdg;delta_all;glutamate;mGluR5;cortical;62;-0,3344;0,00788912;0,033966034;0,181152181;FALSE
fdg;delta_all;glutamate;NMDA;cortical;62;0,098;0,448430458;0,587412587;0,848484848;FALSE
fdg;delta_all;glutamate;mGluR5;subcortical;19;0,2298;0,343880173;;0,458506898;FALSE
fdg;delta_all;glutamate;NMDA;subcortical;19;-0,0193;0,937497831;;0,937497831;FALSE
fdg;delta_declining;dopamine;D1;cortical;62;0,0008;0,99519543;0,997002997;0,997002997;FALSE
fdg;delta_declining;dopamine;D2;cortical;62;0,0585;0,651259177;0,734265734;0,977156177;FALSE
fdg;delta_declining;dopamine;DAT;cortical;62;0,2789;0,02816039;0,08991009;0,3004995;FALSE
fdg;delta_declining;dopamine;D1;subcortical;19;0,0053;0,982939261;;0,982939261;FALSE
fdg;delta_declining;dopamine;D2;subcortical;19;-0,0825;0,737180379;;0,982939261;FALSE
fdg;delta_declining;dopamine;DAT;subcortical;19;0,2404;0,321602437;;0,982939261;FALSE
fdg;delta_declining;ach;VAChT;cortical;62;0,2565;0,04419813;0,093906094;0,3004995;FALSE
fdg;delta_declining;ach;M1;cortical;62;0,0159;0,902441364;0,897102897;0,977156177;FALSE
fdg;delta_declining;ach;A4B2;cortical;62;-0,0162;0,90028773;0,916083916;0,977156177;FALSE
fdg;delta_declining;ach;VAChT;subcortical;19;-0,1509;0,53752721;;0,982939261;FALSE
fdg;delta_declining;ach;M1;subcortical;19;-0,1193;0,626648459;;0,982939261;FALSE
fdg;delta_declining;ach;A4B2;subcortical;19;0,0368;0,880970768;;0,982939261;FALSE
fdg;delta_declining;gaba;GABAa-bz;cortical;62;-0,056;0,66534838;0,738261738;0,977156177;FALSE
fdg;delta_declining;gaba;GABAa;cortical;62;0,0284;0,826680399;0,858141858;0,977156177;FALSE
fdg;delta_declining;gaba;GABAa-bz;subcortical;19;0,0298;0,903530416;;0,982939261;FALSE
fdg;delta_declining;gaba;GABAa;subcortical;19;0,1298;0,596302554;;0,982939261;FALSE
fdg;delta_declining;serotonin;5HT1a;cortical;62;0,0215;0,868077586;0,897102897;0,977156177;FALSE
fdg;delta_declining;serotonin;5HT1b;cortical;62;-0,015;0,907674503;0,913086913;0,977156177;FALSE
fdg;delta_declining;serotonin;5HT2a;cortical;62;-0,2788;0,028190019;0,055944056;0,298368298;FALSE
fdg;delta_declining;serotonin;5HT4;cortical;62;-0,3225;0,010587969;0,048951049;0,298368298;FALSE
fdg;delta_declining;serotonin;5HT6;cortical;62;0,095;0,462607451;0,517482517;0,977156177;FALSE
fdg;delta_declining;serotonin;5HTT;cortical;62;0,4761;9,19E-05;0,003996004;0,063936064;FALSE
fdg;delta_declining;serotonin;5HT1a;subcortical;19;0,0491;0,841711569;;0,982939261;FALSE
fdg;delta_declining;serotonin;5HT1b;subcortical;19;0,4035;0,086680812;;0,982939261;FALSE
fdg;delta_declining;serotonin;5HT2a;subcortical;19;0,0386;0,875343879;;0,982939261;FALSE
fdg;delta_declining;serotonin;5HT4;subcortical;19;-0,007;0,977253574;;0,982939261;FALSE
fdg;delta_declining;serotonin;5HT6;subcortical;19;-0,1298;0,596302554;;0,982939261;FALSE
fdg;delta_declining;serotonin;5HTT;subcortical;19;0,3228;0,177665457;;0,982939261;FALSE
fdg;delta_declining;glutamate;mGluR5;cortical;62;-0,2163;0,091249147;0,114885115;0,306360306;FALSE
fdg;delta_declining;glutamate;NMDA;cortical;62;0,2242;0,079745589;0,157842158;0,360782075;FALSE
fdg;delta_declining;glutamate;mGluR5;subcortical;19;-0,1614;0,509171343;;0,982939261;FALSE
fdg;delta_declining;glutamate;NMDA;subcortical;19;-0,1526;0,532751727;;0,982939261;FALSE
fdg;baseline_all;dopamine;D1;cortical;62;-0,3986;0,001332631;0,078921079;0,21045621;FALSE
fdg;baseline_all;dopamine;D2;cortical;62;-0,674;1,91E-09;0,008991009;0,058608059;FALSE
fdg;baseline_all;dopamine;DAT;cortical;62;-0,5455;4,54E-06;0,02997003;0,11988012;FALSE
fdg;baseline_all;dopamine;D1;subcortical;19;0,486;0,034898352;;0,092557962;FALSE
fdg;baseline_all;dopamine;D2;subcortical;19;0,5737;0,010222581;;0,073434438;FALSE
fdg;baseline_all;dopamine;DAT;subcortical;19;0,2649;0,273051176;;0,397165346;FALSE
fdg;baseline_all;ach;VAChT;cortical;62;-0,0847;0,512582198;0,766233766;0,876837448;FALSE
fdg;baseline_all;ach;M1;cortical;62;0,2721;0,032404306;0,238761239;0,391608392;FALSE
fdg;baseline_all;ach;A4B2;cortical;62;0,367;0,003342908;0,244755245;0,391608392;FALSE
fdg;baseline_all;ach;VAChT;subcortical;19;0,5842;0,008624535;;0,073434438;FALSE
fdg;baseline_all;ach;M1;subcortical;19;0,4737;0,040494108;;0,092557962;FALSE
fdg;baseline_all;ach;A4B2;subcortical;19;0,2772;0,250588895;;0,397165346;FALSE
fdg;baseline_all;gaba;GABAa-bz;cortical;62;0,2641;0,038036602;0,21978022;0,391608392;FALSE
fdg;baseline_all;gaba;GABAa;cortical;62;0,0603;0,641747023;0,767232767;0,876837448;FALSE
fdg;baseline_all;gaba;GABAa-bz;subcortical;19;0,3667;0,1225606;;0,2451212;FALSE
fdg;baseline_all;gaba;GABAa;subcortical;19;0,0228;0,92616106;;0,971568936;FALSE
fdg;baseline_all;serotonin;5HT1a;cortical;62;-0,7304;1,61E-11;0,000999001;0,015984016;TRUE
fdg;baseline_all;serotonin;5HT1b;cortical;62;0,632;3,61E-08;0,010989011;0,058608059;FALSE
fdg;baseline_all;serotonin;5HT2a;cortical;62;0,2462;0,053735225;0,308691309;0,411588412;FALSE
fdg;baseline_all;serotonin;5HT4;cortical;62;-0,4481;0,00026034;0,042957043;0,137462537;FALSE
fdg;baseline_all;serotonin;5HT6;cortical;62;0,2604;0,040940948;0,296703297;0,411588412;FALSE
fdg;baseline_all;serotonin;5HTT;cortical;62;-0,3689;0,003169683;0,152847153;0,349364921;FALSE
fdg;baseline_all;serotonin;5HT1a;subcortical;19;-0,1772;0,468019962;;0,624026616;FALSE
fdg;baseline_all;serotonin;5HT1b;subcortical;19;-0,0228;0,92616106;;0,971568936;FALSE
fdg;baseline_all;serotonin;5HT2a;subcortical;19;0,1035;0,673251528;;0,828617265;FALSE
fdg;baseline_all;serotonin;5HT4;subcortical;19;0,3404;0,153919412;;0,27363451;FALSE
fdg;baseline_all;serotonin;5HT6;subcortical;19;0,493;0,031981574;;0,092557962;FALSE
fdg;baseline_all;serotonin;5HTT;subcortical;19;-0,0088;0,971568936;;0,971568936;FALSE
fdg;baseline_all;glutamate;mGluR5;cortical;62;-0,0061;0,962661418;0,984015984;0,984015984;FALSE
fdg;baseline_all;glutamate;NMDA;cortical;62;-0,0265;0,83790139;0,892107892;0,951581752;FALSE
fdg;baseline_all;glutamate;mGluR5;subcortical;19;0,5175;0,023237901;;0,092557962;FALSE
fdg;baseline_all;glutamate;NMDA;subcortical;19;0,5544;0,013768957;;0,073434438;FALSE
fdg;baseline_declining;dopamine;D1;cortical;62;-0,4056;0,001073394;0,061938062;0,165168165;FALSE
fdg;baseline_declining;dopamine;D2;cortical;62;-0,6741;1,91E-09;0,003996004;0,031968032;TRUE
fdg;baseline_declining;dopamine;DAT;cortical;62;-0,5248;1,19E-05;0,02997003;0,095904096;FALSE
fdg;baseline_declining;dopamine;D1;subcortical;19;0,4789;0,038017138;;0,100543315;FALSE
fdg;baseline_declining;dopamine;D2;subcortical;19;0,5667;0,011414829;;0,096412556;FALSE
fdg;baseline_declining;dopamine;DAT;subcortical;19;0,2842;0,238296237;;0,346612708;FALSE
fdg;baseline_declining;ach;VAChT;cortical;62;-0,0232;0,857995808;0,922077922;0,963036963;FALSE
fdg;baseline_declining;ach;M1;cortical;62;0,2568;0,043897372;0,247752248;0,44044844;FALSE
fdg;baseline_declining;ach;A4B2;cortical;62;0,3758;0,002609461;0,227772228;0,44044844;FALSE
fdg;baseline_declining;ach;VAChT;subcortical;19;0,5632;0,01205157;;0,096412556;FALSE
fdg;baseline_declining;ach;M1;subcortical;19;0,4754;0,039655043;;0,100543315;FALSE
fdg;baseline_declining;ach;A4B2;subcortical;19;0,3281;0,17029676;;0,302749796;FALSE
fdg;baseline_declining;gaba;GABAa-bz;cortical;62;0,2263;0,076939147;0,277722278;0,444355644;FALSE
fdg;baseline_declining;gaba;GABAa;cortical;62;0,026;0,841243673;0,895104895;0,963036963;FALSE
fdg;baseline_declining;gaba;GABAa-bz;subcortical;19;0,3684;0,120645483;;0,241290966;FALSE
fdg;baseline_declining;gaba;GABAa;subcortical;19;0,0351;0,886603122;;0,931827875;FALSE
fdg;baseline_declining;serotonin;5HT1a;cortical;62;-0,7336;1,18E-11;0,000999001;0,015984016;TRUE
fdg;baseline_declining;serotonin;5HT1b;cortical;62;0,611;1,33E-07;0,013986014;0,055944056;FALSE
fdg;baseline_declining;serotonin;5HT2a;cortical;62;0,1864;0,146956043;0,444555445;0,592740593;FALSE
fdg;baseline_declining;serotonin;5HT4;cortical;62;-0,5008;3,39E-05;0,013986014;0,055944056;FALSE
fdg;baseline_declining;serotonin;5HT6;cortical;62;0,2333;0,068004157;0,333666334;0,485332849;FALSE
fdg;baseline_declining;serotonin;5HTT;cortical;62;-0,325;0,00996258;0,207792208;0,44044844;FALSE
fdg;baseline_declining;serotonin;5HT1a;subcortical;19;-0,1351;0,581361946;;0,715522396;FALSE
fdg;baseline_declining;serotonin;5HT1b;subcortical;19;0,0211;0,931827875;;0,931827875;FALSE
fdg;baseline_declining;serotonin;5HT2a;subcortical;19;0,1351;0,581361946;;0,715522396;FALSE
fdg;baseline_declining;serotonin;5HT4;subcortical;19;0,2982;0,214890107;;0,343824171;FALSE
fdg;baseline_declining;serotonin;5HT6;subcortical;19;0,4667;0,0439877;;0,100543315;FALSE
fdg;baseline_declining;serotonin;5HTT;subcortical;19;0,0333;0,892240686;;0,931827875;FALSE
fdg;baseline_declining;glutamate;mGluR5;cortical;62;-0,0272;0,833955096;0,915084915;0,963036963;FALSE
fdg;baseline_declining;glutamate;NMDA;cortical;62;-0,0089;0,945331337;0,963036963;0,963036963;FALSE
fdg;baseline_declining;glutamate;mGluR5;subcortical;19;0,5175;0,023237901;;0,099723088;FALSE
fdg;baseline_declining;glutamate;NMDA;subcortical;19;0,5123;0,024930772;;0,099723088;FALSE
t1t2;delta_all;dopamine;D1;cortical;62;-0,3821;0,002177152;0,131868132;0,351648352;FALSE
t1t2;delta_all;dopamine;D2;cortical;62;-0,5843;6,15E-07;0,070929071;0,268531469;FALSE
t1t2;delta_all;dopamine;DAT;cortical;62;-0,5066;2,66E-05;0,070929071;0,268531469;FALSE
t1t2;delta_all;dopamine;D1;subcortical;19;-0,5333;0,018696681;;0,056984622;FALSE
t1t2;delta_all;dopamine;D2;subcortical;19;-0,5404;0,01691949;;0,056984622;FALSE
t1t2;delta_all;dopamine;DAT;subcortical;19;-0,5456;0,015677039;;0,056984622;FALSE
t1t2;delta_all;ach;VAChT;cortical;62;-0,0636;0,623170422;0,824175824;0,939060939;FALSE
t1t2;delta_all;ach;M1;cortical;62;0,1468;0,254933355;0,599400599;0,874761602;FALSE
t1t2;delta_all;ach;A4B2;cortical;62;0,2314;0,070359841;0,601398601;0,874761602;FALSE
t1t2;delta_all;ach;VAChT;subcortical;19;-0,5825;0,008875794;;0,056984622;FALSE
t1t2;delta_all;ach;M1;subcortical;19;-0,3842;0,104357748;;0,163414133;FALSE
t1t2;delta_all;ach;A4B2;subcortical;19;0,386;0,102651327;;0,163414133;FALSE
t1t2;delta_all;gaba;GABAa-bz;cortical;62;0,2543;0,046083043;0,18981019;0,433851862;FALSE
t1t2;delta_all;gaba;GABAa;cortical;62;-0,0409;0,752166045;0,815184815;0,939060939;FALSE
t1t2;delta_all;gaba;GABAa-bz;subcortical;19;0,0193;0,937497831;;0,937497831;FALSE
t1t2;delta_all;gaba;GABAa;subcortical;19;-0,0193;0,937497831;;0,937497831;FALSE
t1t2;delta_all;serotonin;5HT1a;cortical;62;-0,6464;1,38E-08;0,021978022;0,268531469;FALSE
t1t2;delta_all;serotonin;5HT1b;cortical;62;0,4944;4,41E-05;0,076923077;0,268531469;FALSE
t1t2;delta_all;serotonin;5HT2a;cortical;62;-0,0168;0,896597458;0,939060939;0,939060939;FALSE
t1t2;delta_all;serotonin;5HT4;cortical;62;-0,3739;0,002759183;0,083916084;0,268531469;FALSE
t1t2;delta_all;serotonin;5HT6;cortical;62;0,1893;0,140504115;0,506493506;0,874761602;FALSE
t1t2;delta_all;serotonin;5HTT;cortical;62;-0,3605;0,00399531;0,230769231;0,461538462;FALSE
t1t2;delta_all;serotonin;5HT1a;subcortical;19;0,3754;0,11319758;;0,163414133;FALSE
t1t2;delta_all;serotonin;5HT1b;subcortical;19;-0,4386;0,060315287;;0,120630574;FALSE
t1t2;delta_all;serotonin;5HT2a;subcortical;19;-0,193;0,428613122;;0,489843569;FALSE
t1t2;delta_all;serotonin;5HT4;subcortical;19;-0,5982;0,006814905;;0,056984622;FALSE
t1t2;delta_all;serotonin;5HT6;subcortical;19;-0,5123;0,024930772;;0,056984622;FALSE
t1t2;delta_all;serotonin;5HTT;subcortical;19;-0,2754;0,253723703;;0,312275327;FALSE
t1t2;delta_all;glutamate;mGluR5;cortical;62;0,097;0,453129202;0,71028971;0,939060939;FALSE
t1t2;delta_all;glutamate;NMDA;cortical;62;-0,0195;0,880325869;0,927072927;0,939060939;FALSE
t1t2;delta_all;glutamate;mGluR5;subcortical;19;-0,3667;0,1225606;;0,163414133;FALSE
t1t2;delta_all;glutamate;NMDA;subcortical;19;-0,5193;0,022694202;;0,056984622;FALSE
t1t2;delta_declining;dopamine;D1;cortical;62;-0,3339;0,007989075;0,146853147;0,358498644;FALSE
t1t2;delta_declining;dopamine;D2;cortical;62;-0,481;7,58E-05;0,052947053;0,211788212;FALSE
t1t2;delta_declining;dopamine;DAT;cortical;62;-0,4829;7,04E-05;0,026973027;0,211788212;FALSE
t1t2;delta_declining;dopamine;D1;subcortical;19;-0,5439;0,016082818;;0,036760728;TRUE
t1t2;delta_declining;dopamine;D2;subcortical;19;-0,5947;0,007235259;;0,026813029;TRUE
t1t2;delta_declining;dopamine;DAT;subcortical;19;-0,586;0,008379072;;0,026813029;TRUE
t1t2;delta_declining;ach;VAChT;cortical;62;-0,2434;0,056574921;0,334665335;0,637584638;FALSE
t1t2;delta_declining;ach;M1;cortical;62;0,1295;0,315930957;0,579420579;0,927072927;FALSE
t1t2;delta_declining;ach;A4B2;cortical;62;0,0967;0,454544089;0,761238761;0,936909245;FALSE
t1t2;delta_declining;ach;VAChT;subcortical;19;-0,6368;0,00336607;;0,021242954;TRUE
t1t2;delta_declining;ach;M1;subcortical;19;-0,3561;0,134505742;;0,184883981;FALSE
t1t2;delta_declining;ach;A4B2;subcortical;19;0,214;0,378924173;;0,466368213;FALSE
t1t2;delta_declining;gaba;GABAa-bz;cortical;62;0,2156;0,092412961;0,358641359;0,637584638;FALSE
t1t2;delta_declining;gaba;GABAa;cortical;62;0,0122;0,925248178;0,945054945;0,945054945;FALSE
t1t2;delta_declining;gaba;GABAa-bz;subcortical;19;0,0263;0,914837897;;0,914837897;FALSE
t1t2;delta_declining;gaba;GABAa;subcortical;19;0,1053;0,66801288;;0,712547072;FALSE
t1t2;delta_declining;serotonin;5HT1a;cortical;62;-0,5913;4,19E-07;0,007992008;0,127872128;FALSE
t1t2;delta_declining;serotonin;5HT1b;cortical;62;0,4583;0,000179892;0,050949051;0,211788212;FALSE
t1t2;delta_declining;serotonin;5HT2a;cortical;62;-0,0351;0,786644769;0,852147852;0,945054945;FALSE
t1t2;delta_declining;serotonin;5HT4;cortical;62;-0,2857;0,024393457;0,156843157;0,358498644;FALSE
t1t2;delta_declining;serotonin;5HT6;cortical;62;0,0855;0,508816527;0,727272727;0,936909245;FALSE
t1t2;delta_declining;serotonin;5HTT;cortical;62;-0,3901;0,001720235;0,0999001;0,31968032;FALSE
t1t2;delta_declining;serotonin;5HT1a;subcortical;19;0,414;0,078019494;;0,138701323;FALSE
t1t2;delta_declining;serotonin;5HT1b;subcortical;19;-0,4526;0,051663035;;0,103326071;FALSE
t1t2;delta_declining;serotonin;5HT2a;subcortical;19;-0,114;0,642043574;;0,712547072;FALSE
t1t2;delta_declining;serotonin;5HT4;subcortical;19;-0,6579;0,002200176;;0,021242954;TRUE
t1t2;delta_declining;serotonin;5HT6;subcortical;19;-0,5474;0,015279472;;0,036760728;TRUE
t1t2;delta_declining;serotonin;5HTT;subcortical;19;-0,386;0,102651327;;0,164242124;FALSE
t1t2;delta_declining;glutamate;mGluR5;cortical;62;0,033;0,798933241;0,886113886;0,945054945;FALSE
t1t2;delta_declining;glutamate;NMDA;cortical;62;-0,0705;0,586182303;0,754245754;0,936909245;FALSE
t1t2;delta_declining;glutamate;mGluR5;subcortical;19;-0,3526;0,138662986;;0,184883981;FALSE
t1t2;delta_declining;glutamate;NMDA;subcortical;19;-0,6281;0,003983054;;0,021242954;TRUE
t1t2;baseline_all;dopamine;D1;cortical;62;-0,1524;0,236925562;0,672327672;0,896436896;FALSE
t1t2;baseline_all;dopamine;D2;cortical;62;-0,374;0,0027474;0,497502498;0,851512124;FALSE
t1t2;baseline_all;dopamine;DAT;cortical;62;0,0278;0,830012874;0,94005994;0,948051948;FALSE
t1t2;baseline_all;dopamine;D1;subcortical;19;0,2491;0,303709087;;0,404945449;FALSE
t1t2;baseline_all;dopamine;D2;subcortical;19;0,3842;0,104357748;;0,238531997;FALSE
t1t2;baseline_all;dopamine;DAT;subcortical;19;0,5526;0,014134857;;0,054142368;FALSE
t1t2;baseline_all;ach;VAChT;cortical;62;-0,2548;0,045683161;0,454545455;0,851512124;FALSE
t1t2;baseline_all;ach;M1;cortical;62;-0,2816;0,026627032;0,417582418;0,851512124;FALSE
t1t2;baseline_all;ach;A4B2;cortical;62;-0,5159;1,77E-05;0,211788212;0,851512124;FALSE
t1t2;baseline_all;ach;VAChT;subcortical;19;0,286;0,23528463;;0,342232189;FALSE
t1t2;baseline_all;ach;M1;subcortical;19;-0,1018;0,67850462;;0,67850462;FALSE
t1t2;baseline_all;ach;A4B2;subcortical;19;0,3579;0,132460278;;0,264920555;FALSE
t1t2;baseline_all;gaba;GABAa-bz;cortical;62;-0,0147;0,909522438;0,948051948;0,948051948;FALSE
t1t2;baseline_all;gaba;GABAa;cortical;62;0,0384;0,766972873;0,838161838;0,948051948;FALSE
t1t2;baseline_all;gaba;GABAa-bz;subcortical;19;-0,5404;0,01691949;;0,054142368;FALSE
t1t2;baseline_all;gaba;GABAa;subcortical;19;-0,7105;0,000651267;;0,005210138;TRUE
t1t2;baseline_all;serotonin;5HT1a;cortical;62;-0,3325;0,00828522;0,577422577;0,851512124;FALSE
t1t2;baseline_all;serotonin;5HT1b;cortical;62;-0,3502;0,00527197;0,421578422;0,851512124;FALSE
t1t2;baseline_all;serotonin;5HT2a;cortical;62;-0,2956;0,019687466;0,365634366;0,851512124;FALSE
t1t2;baseline_all;serotonin;5HT4;cortical;62;-0,5753;1,00E-06;0,003996004;0,063936064;FALSE
t1t2;baseline_all;serotonin;5HT6;cortical;62;-0,3192;0,011451649;0,301698302;0,851512124;FALSE
t1t2;baseline_all;serotonin;5HTT;cortical;62;0,1314;0,308581645;0,736263736;0,906170752;FALSE
t1t2;baseline_all;serotonin;5HT1a;subcortical;19;-0,507;0,026719056;;0,071250815;FALSE
t1t2;baseline_all;serotonin;5HT1b;subcortical;19;0,5877;0,008139306;;0,043409631;TRUE
t1t2;baseline_all;serotonin;5HT2a;subcortical;19;-0,3175;0,185246793;;0,329327631;FALSE
t1t2;baseline_all;serotonin;5HT4;subcortical;19;0,2895;0,229335134;;0,342232189;FALSE
t1t2;baseline_all;serotonin;5HT6;subcortical;19;0,1439;0,556821963;;0,67850462;FALSE
t1t2;baseline_all;serotonin;5HTT;subcortical;19;0,8333;9,40E-06;;0,000150424;TRUE
t1t2;baseline_all;glutamate;mGluR5;cortical;62;-0,5511;3,46E-06;0,016983017;0,135864136;FALSE
t1t2;baseline_all;glutamate;NMDA;cortical;62;0,1079;0,403834835;0,585414585;0,851512124;FALSE
t1t2;baseline_all;glutamate;mGluR5;subcortical;19;-0,1175;0,631764159;;0,67850462;FALSE
t1t2;baseline_all;glutamate;NMDA;subcortical;19;0,1123;0,647206893;;0,67850462;FALSE
t1t2;baseline_declining;dopamine;D1;cortical;62;-0,2606;0,040779406;0,444555445;0,825021133;FALSE
t1t2;baseline_declining;dopamine;D2;cortical;62;-0,5875;5,17E-07;0,152847153;0,735264735;FALSE
t1t2;baseline_declining;dopamine;DAT;cortical;62;-0,2048;0,110312049;0,633366633;0,825021133;FALSE
t1t2;baseline_declining;dopamine;D1;subcortical;19;0,2333;0,336357069;;0,448476093;FALSE
t1t2;baseline_declining;dopamine;D2;subcortical;19;0,3719;0,116879234;;0,233758468;FALSE
t1t2;baseline_declining;dopamine;DAT;subcortical;19;0,5404;0,01691949;;0,04511864;TRUE
t1t2;baseline_declining;ach;VAChT;cortical;62;-0,2611;0,040377854;0,480519481;0,825021133;FALSE
t1t2;baseline_declining;ach;M1;cortical;62;-0,2204;0,085161764;0,59040959;0,825021133;FALSE
t1t2;baseline_declining;ach;A4B2;cortical;62;-0,3215;0,010821295;0,611388611;0,825021133;FALSE
t1t2;baseline_declining;ach;VAChT;subcortical;19;0,2667;0,269768165;;0,406823729;FALSE
t1t2;baseline_declining;ach;M1;subcortical;19;-0,1316;0,591304712;;0,673881769;FALSE
t1t2;baseline_declining;ach;A4B2;subcortical;19;0,3947;0,094420521;;0,215818335;FALSE
t1t2;baseline_declining;gaba;GABAa-bz;cortical;62;0,1344;0,297674664;0,552447552;0,825021133;FALSE
t1t2;baseline_declining;gaba;GABAa;cortical;62;0,0529;0,682979797;0,803196803;0,843156843;FALSE
t1t2;baseline_declining;gaba;GABAa-bz;subcortical;19;-0,5509;0,014508498;;0,04511864;TRUE
t1t2;baseline_declining;gaba;GABAa;subcortical;19;-0,7193;0,000518354;;0,004146834;TRUE
t1t2;baseline_declining;serotonin;5HT1a;cortical;62;-0,598;2,86E-07;0,183816184;0,735264735;FALSE
t1t2;baseline_declining;serotonin;5HT1b;cortical;62;-0,1031;0,42534559;0,843156843;0,843156843;FALSE
t1t2;baseline_declining;serotonin;5HT2a;cortical;62;-0,2065;0,107302431;0,559440559;0,825021133;FALSE
t1t2;baseline_declining;serotonin;5HT4;cortical;62;-0,6404;2,08E-08;0,000999001;0,015984016;TRUE
t1t2;baseline_declining;serotonin;5HT6;cortical;62;-0,178;0,166413097;0,67032967;0,825021133;FALSE
t1t2;baseline_declining;serotonin;5HTT;cortical;62;-0,0951;0,462130994;0,815184815;0,843156843;FALSE
t1t2;baseline_declining;serotonin;5HT1a;subcortical;19;-0,5404;0,01691949;;0,04511864;TRUE
t1t2;baseline_declining;serotonin;5HT1b;subcortical;19;0,5789;0,009396104;;0,04511864;TRUE
t1t2;baseline_declining;serotonin;5HT2a;subcortical;19;-0,3561;0,134505742;;0,239121319;FALSE
t1t2;baseline_declining;serotonin;5HT4;subcortical;19;0,2614;0,279691313;;0,406823729;FALSE
t1t2;baseline_declining;serotonin;5HT6;subcortical;19;0,1175;0,631764159;;0,673881769;FALSE
t1t2;baseline_declining;serotonin;5HTT;subcortical;19;0,8281;1,20E-05;;0,000192241;TRUE
t1t2;baseline_declining;glutamate;mGluR5;cortical;62;-0,4285;0,000511306;0,165834166;0,735264735;FALSE
t1t2;baseline_declining;glutamate;NMDA;cortical;62;0,0957;0,459515255;0,611388611;0,825021133;FALSE
t1t2;baseline_declining;glutamate;mGluR5;subcortical;19;-0,1439;0,556821963;;0,673881769;FALSE
t1t2;baseline_declining;glutamate;NMDA;subcortical;19;0,086;0,726397044;;0,726397044;FALSE
volume;delta_all;dopamine;D1;cortical;62;-0,0871;0,500830592;;;FALSE
volume;delta_all;dopamine;D2;cortical;62;-0,677;1,53E-09;;;FALSE
volume;delta_all;dopamine;DAT;cortical;62;-0,1531;0,234737828;;;FALSE
volume;delta_all;dopamine;D1;subcortical;19;0,2649;0,273051176;;0,436881881;FALSE
volume;delta_all;dopamine;D2;subcortical;19;0,3649;0,124497185;;0,284564995;FALSE
volume;delta_all;dopamine;DAT;subcortical;19;0,5123;0,024930772;;0,132964117;FALSE
volume;delta_all;ach;VAChT;cortical;62;-0,077;0,551784308;;;FALSE
volume;delta_all;ach;M1;cortical;62;-0,0913;0,480179701;;;FALSE
volume;delta_all;ach;A4B2;cortical;62;0,0353;0,78544861;;;FALSE
volume;delta_all;ach;VAChT;subcortical;19;0,2947;0,220594781;;0,392168499;FALSE
volume;delta_all;ach;M1;subcortical;19;-0,0228;0,92616106;;0,92616106;FALSE
volume;delta_all;ach;A4B2;subcortical;19;0,2175;0,370969575;;0,456577939;FALSE
volume;delta_all;gaba;GABAa-bz;cortical;62;0,5516;3,37E-06;;;FALSE
volume;delta_all;gaba;GABAa;cortical;62;0,1123;0,384686121;;;FALSE
volume;delta_all;gaba;GABAa-bz;subcortical;19;-0,2439;0,314371565;;0,456577939;FALSE
volume;delta_all;gaba;GABAa;subcortical;19;-0,4316;0,065029902;;0,208095685;FALSE
volume;delta_all;serotonin;5HT1a;cortical;62;-0,7102;1,02E-10;;;FALSE
volume;delta_all;serotonin;5HT1b;cortical;62;0,3515;0,005093184;;;FALSE
volume;delta_all;serotonin;5HT2a;cortical;62;-0,0976;0,450541547;;;FALSE
volume;delta_all;serotonin;5HT4;cortical;62;-0,3966;0,001417009;;;FALSE
volume;delta_all;serotonin;5HT6;cortical;62;0,1238;0,337653766;;;FALSE
volume;delta_all;serotonin;5HTT;cortical;62;-0,0162;0,900595348;;;FALSE
volume;delta_all;serotonin;5HT1a;subcortical;19;-0,5649;0,011729724;;0,132964117;FALSE
volume;delta_all;serotonin;5HT1b;subcortical;19;0,4649;0,044896127;;0,179584506;FALSE
volume;delta_all;serotonin;5HT2a;subcortical;19;-0,5193;0,022694202;;0,132964117;FALSE
volume;delta_all;serotonin;5HT4;subcortical;19;0,3158;0,187821456;;0,375642912;FALSE
volume;delta_all;serotonin;5HT6;subcortical;19;0,2246;0,35534599;;0,456577939;FALSE
volume;delta_all;serotonin;5HTT;subcortical;19;0,3895;0,099299102;;0,264797604;FALSE
volume;delta_all;glutamate;mGluR5;cortical;62;0,0231;0,858606199;;;FALSE
volume;delta_all;glutamate;NMDA;cortical;62;0,1828;0,154894295;;;FALSE
volume;delta_all;glutamate;mGluR5;subcortical;19;-0,0561;0,8194314;;0,87406016;FALSE
volume;delta_all;glutamate;NMDA;subcortical;19;-0,0561;0,8194314;;0,87406016;FALSE
volume;delta_declining;dopamine;D1;cortical;62;-0,0457;0,724280588;;;FALSE
volume;delta_declining;dopamine;D2;cortical;62;-0,6124;1,22E-07;;;FALSE
volume;delta_declining;dopamine;DAT;cortical;62;-0,12;0,352914105;;;FALSE
volume;delta_declining;dopamine;D1;subcortical;19;0,3526;0,138662986;;0,239115693;FALSE
volume;delta_declining;dopamine;D2;subcortical;19;0,4246;0,070015189;;0,224048605;FALSE
volume;delta_declining;dopamine;DAT;subcortical;19;0,6123;0,005327428;;0,045373063;TRUE
volume;delta_declining;ach;VAChT;cortical;62;0,0684;0,597498958;;;FALSE
volume;delta_declining;ach;M1;cortical;62;0,0492;0,70395693;;;FALSE
volume;delta_declining;ach;A4B2;cortical;62;0,1875;0,144524906;;;FALSE
volume;delta_declining;ach;VAChT;subcortical;19;0,3439;0,149447308;;0,239115693;FALSE
volume;delta_declining;ach;M1;subcortical;19;0,086;0,726397044;;0,83016805;FALSE
volume;delta_declining;ach;A4B2;subcortical;19;0,1316;0,591304712;;0,727759646;FALSE
volume;delta_declining;gaba;GABAa-bz;cortical;62;0,4902;5,26E-05;;;FALSE
volume;delta_declining;gaba;GABAa;cortical;62;0,082;0,52650979;;;FALSE
volume;delta_declining;gaba;GABAa-bz;subcortical;19;-0,186;0,445906275;;0,5945417;FALSE
volume;delta_declining;gaba;GABAa;subcortical;19;-0,3754;0,11319758;;0,22639516;FALSE
volume;delta_declining;serotonin;5HT1a;cortical;62;-0,6561;7,11E-09;;;FALSE
volume;delta_declining;serotonin;5HT1b;cortical;62;0,4494;0,000248463;;;FALSE
volume;delta_declining;serotonin;5HT2a;cortical;62;-0,039;0,76370804;;;FALSE
volume;delta_declining;serotonin;5HT4;cortical;62;-0,3421;0,00649877;;;FALSE
volume;delta_declining;serotonin;5HT6;cortical;62;0,1809;0,159452472;;;FALSE
volume;delta_declining;serotonin;5HTT;cortical;62;-0,0115;0,929261499;;;FALSE
volume;delta_declining;serotonin;5HT1a;subcortical;19;-0,4421;0,058056754;;0,224048605;FALSE
volume;delta_declining;serotonin;5HT1b;subcortical;19;0,6088;0,005671633;;0,045373063;TRUE
volume;delta_declining;serotonin;5HT2a;subcortical;19;-0,3772;0,111388203;;0,22639516;FALSE
volume;delta_declining;serotonin;5HT4;subcortical;19;0,3877;0,100965151;;0,22639516;FALSE
volume;delta_declining;serotonin;5HT6;subcortical;19;0,2912;0,226397194;;0,329305009;FALSE
volume;delta_declining;serotonin;5HTT;subcortical;19;0,4754;0,039655043;;0,211493562;FALSE
volume;delta_declining;glutamate;mGluR5;cortical;62;0,122;0,344830089;;;FALSE
volume;delta_declining;glutamate;NMDA;cortical;62;0,2228;0,081708351;;;FALSE
volume;delta_declining;glutamate;mGluR5;subcortical;19;0,0456;0,852896074;;0,852896074;FALSE
volume;delta_declining;glutamate;NMDA;subcortical;19;-0,0684;0,780767402;;0,832818562;FALSE
volume;baseline_all;dopamine;D1;cortical;62;0,0569;0,660262664;;;FALSE
volume;baseline_all;dopamine;D2;cortical;62;-0,4173;0,000740234;;;FALSE
volume;baseline_all;dopamine;DAT;cortical;62;0,1686;0,190234373;;;FALSE
volume;baseline_all;dopamine;D1;subcortical;19;0,6754;0,001505512;;0,008029399;TRUE
volume;baseline_all;dopamine;D2;subcortical;19;0,7526;0,000200634;;0,003210149;TRUE
volume;baseline_all;dopamine;DAT;subcortical;19;0,6298;0,003852741;;0,015410965;TRUE
volume;baseline_all;ach;VAChT;cortical;62;0,3501;0,005285949;;;FALSE
volume;baseline_all;ach;M1;cortical;62;0,0487;0,707137458;;;FALSE
volume;baseline_all;ach;A4B2;cortical;62;0,153;0,235049505;;;FALSE
volume;baseline_all;ach;VAChT;subcortical;19;0,7018;0,000811789;;0,006494312;TRUE
volume;baseline_all;ach;M1;subcortical;19;0,486;0,034898352;;0,069796704;FALSE
volume;baseline_all;ach;A4B2;subcortical;19;-0,0158;0,948846126;;0,948846126;FALSE
volume;baseline_all;gaba;GABAa-bz;cortical;62;0,5361;7,08E-06;;;FALSE
volume;baseline_all;gaba;GABAa;cortical;62;0,1861;0,147512801;;;FALSE
volume;baseline_all;gaba;GABAa-bz;subcortical;19;-0,0228;0,92616106;;0,948846126;FALSE
volume;baseline_all;gaba;GABAa;subcortical;19;-0,286;0,23528463;;0,31371284;FALSE
volume;baseline_all;serotonin;5HT1a;cortical;62;-0,4834;6,89E-05;;;FALSE
volume;baseline_all;serotonin;5HT1b;cortical;62;0,3616;0,003881978;;;FALSE
volume;baseline_all;serotonin;5HT2a;cortical;62;-0,2428;0,05721039;;;FALSE
volume;baseline_all;serotonin;5HT4;cortical;62;-0,5303;9,31E-06;;;FALSE
volume;baseline_all;serotonin;5HT6;cortical;62;0,2325;0,069050079;;;FALSE
volume;baseline_all;serotonin;5HTT;cortical;62;0,4015;0,001218298;;;FALSE
volume;baseline_all;serotonin;5HT1a;subcortical;19;-0,4158;0,07664058;;0,122624928;FALSE
volume;baseline_all;serotonin;5HT1b;subcortical;19;0,4895;0,033415262;;0,069796704;FALSE
volume;baseline_all;serotonin;5HT2a;subcortical;19;-0,1474;0,547136343;;0,625298678;FALSE
volume;baseline_all;serotonin;5HT4;subcortical;19;0,5789;0,009396104;;0,025056278;TRUE
volume;baseline_all;serotonin;5HT6;subcortical;19;0,607;0,005850433;;0,018721385;TRUE
volume;baseline_all;serotonin;5HTT;subcortical;19;0,3404;0,153919412;;0,223882781;FALSE
volume;baseline_all;glutamate;mGluR5;cortical;62;0,1254;0,331549688;;;FALSE
volume;baseline_all;glutamate;NMDA;cortical;62;0,404;0,001126907;;;FALSE
volume;baseline_all;glutamate;mGluR5;subcortical;19;0,4702;0,04221316;;0,075045618;FALSE
volume;baseline_all;glutamate;NMDA;subcortical;19;0,207;0,395116165;;0,486296819;FALSE
volume;baseline_declining;dopamine;D1;cortical;62;-0,0099;0,939147713;;;FALSE
volume;baseline_declining;dopamine;D2;cortical;62;-0,4638;0,000146519;;;FALSE
volume;baseline_declining;dopamine;DAT;cortical;62;0,0077;0,952755895;;;FALSE
volume;baseline_declining;dopamine;D1;subcortical;19;0,6544;0,00236693;;0,012623624;TRUE
volume;baseline_declining;dopamine;D2;subcortical;19;0,7596;0,000161259;;0,002580148;TRUE
volume;baseline_declining;dopamine;DAT;subcortical;19;0,6281;0,003983054;;0,015932215;TRUE
volume;baseline_declining;ach;VAChT;cortical;62;0,2695;0,034140766;;;FALSE
volume;baseline_declining;ach;M1;cortical;62;0,1438;0,264783352;;;FALSE
volume;baseline_declining;ach;A4B2;cortical;62;0,3418;0,006540839;;;FALSE
volume;baseline_declining;ach;VAChT;subcortical;19;0,7211;0,000494729;;0,003957836;TRUE
volume;baseline_declining;ach;M1;subcortical;19;0,4193;0,073936985;;0,118299176;FALSE
volume;baseline_declining;ach;A4B2;subcortical;19;0,1298;0,596302554;;0,636056058;FALSE
volume;baseline_declining;gaba;GABAa-bz;cortical;62;0,5492;3,79E-06;;;FALSE
volume;baseline_declining;gaba;GABAa;cortical;62;0,1716;0,182296956;;;FALSE
volume;baseline_declining;gaba;GABAa-bz;subcortical;19;0,0053;0,982939261;;0,982939261;FALSE
volume;baseline_declining;gaba;GABAa;subcortical;19;-0,3053;0,203772775;;0,250797261;FALSE
volume;baseline_declining;serotonin;5HT1a;cortical;62;-0,5523;3,26E-06;;;FALSE
volume;baseline_declining;serotonin;5HT1b;cortical;62;0,575;1,02E-06;;;FALSE
volume;baseline_declining;serotonin;5HT2a;cortical;62;-0,0414;0,749510059;;;FALSE
volume;baseline_declining;serotonin;5HT4;cortical;62;-0,418;0,000723508;;;FALSE
volume;baseline_declining;serotonin;5HT6;cortical;62;0,309;0,014552659;;;FALSE
volume;baseline_declining;serotonin;5HTT;cortical;62;0,2214;0,083709119;;;FALSE
volume;baseline_declining;serotonin;5HT1a;subcortical;19;-0,5456;0,015677039;;0,035833233;TRUE
volume;baseline_declining;serotonin;5HT1b;subcortical;19;0,4298;0,066250508;;0,118299176;FALSE
volume;baseline_declining;serotonin;5HT2a;subcortical;19;-0,2;0,411681013;;0,470492587;FALSE
volume;baseline_declining;serotonin;5HT4;subcortical;19;0,5684;0,011106775;;0,029618066;TRUE
volume;baseline_declining;serotonin;5HT6;subcortical;19;0,586;0,008379072;;0,026813029;TRUE
volume;baseline_declining;serotonin;5HTT;subcortical;19;0,3561;0,134505742;;0,195644715;FALSE
volume;baseline_declining;glutamate;mGluR5;cortical;62;0,2016;0,116153029;;;FALSE
volume;baseline_declining;glutamate;NMDA;cortical;62;0,2541;0,046306439;;;FALSE
volume;baseline_declining;glutamate;mGluR5;subcortical;19;0,4246;0,070015189;;0,118299176;FALSE
volume;baseline_declining;glutamate;NMDA;subcortical;19;0,3351;0,160799386;;0,214399181;FALSE
thickness;delta_all;dopamine;D1;cortical;62;-0,048;0,710902694;0,864135864;0,864135864;FALSE
thickness;delta_all;dopamine;D2;cortical;62;-0,5526;3,22E-06;0,025974026;0,138528139;FALSE
thickness;delta_all;dopamine;DAT;cortical;62;-0,0643;0,619592454;0,825174825;0,864135864;FALSE
thickness;delta_all;ach;VAChT;cortical;62;0,1428;0,268179584;0,622377622;0,864135864;FALSE
thickness;delta_all;ach;M1;cortical;62;0,113;0,381690459;0,648351648;0,864135864;FALSE
thickness;delta_all;ach;A4B2;cortical;62;0,1756;0,172214934;0,62037962;0,864135864;FALSE
thickness;delta_all;gaba;GABAa-bz;cortical;62;0,5191;1,54E-05;0,014985015;0,11988012;FALSE
thickness;delta_all;gaba;GABAa;cortical;62;0,0799;0,53727078;0,738261738;0,864135864;FALSE
thickness;delta_all;serotonin;5HT1a;cortical;62;-0,6668;3,29E-09;0,002997003;0,047952048;TRUE
thickness;delta_all;serotonin;5HT1b;cortical;62;0,4076;0,001007733;0,130869131;0,418781219;FALSE
thickness;delta_all;serotonin;5HT2a;cortical;62;-0,1756;0,172214934;0,483516484;0,864135864;FALSE
thickness;delta_all;serotonin;5HT4;cortical;62;-0,4417;0,000326163;0,043956044;0,175824176;FALSE
thickness;delta_all;serotonin;5HT6;cortical;62;0,1788;0,164471065;0,518481518;0,864135864;FALSE
thickness;delta_all;serotonin;5HTT;cortical;62;0,188;0,143429828;0,495504496;0,864135864;FALSE
thickness;delta_all;glutamate;mGluR5;cortical;62;0,0557;0,667330234;0,84015984;0,864135864;FALSE
thickness;delta_all;glutamate;NMDA;cortical;62;0,2413;0,058824403;0,262737263;0,700632701;FALSE
thickness;delta_declining;dopamine;D1;cortical;62;0,0076;0,953065343;0,972027972;0,972027972;FALSE
thickness;delta_declining;dopamine;D2;cortical;62;-0,5437;4,95E-06;0,010989011;0,058608059;FALSE
thickness;delta_declining;dopamine;DAT;cortical;62;-0,0138;0,915069068;0,958041958;0,972027972;FALSE
thickness;delta_declining;ach;VAChT;cortical;62;0,2646;0,037657555;0,245754246;0,56172399;FALSE
thickness;delta_declining;ach;M1;cortical;62;0,199;0,121070891;0,382617383;0,68020868;FALSE
thickness;delta_declining;ach;A4B2;cortical;62;0,2598;0,041428747;0,352647353;0,68020868;FALSE
thickness;delta_declining;gaba;GABAa-bz;cortical;62;0,4481;0,00026034;0,024975025;0,0999001;FALSE
thickness;delta_declining;gaba;GABAa;cortical;62;0,096;0,457854911;0,642357642;0,790594021;FALSE
thickness;delta_declining;serotonin;5HT1a;cortical;62;-0,6321;3,58E-08;0,000999001;0,015984016;TRUE
thickness;delta_declining;serotonin;5HT1b;cortical;62;0,4443;0,00029704;0,03996004;0,127872128;FALSE
thickness;delta_declining;serotonin;5HT2a;cortical;62;-0,1381;0,284531474;0,553446553;0,737928738;FALSE
thickness;delta_declining;serotonin;5HT4;cortical;62;-0,5132;1,99E-05;0,00999001;0,058608059;FALSE
thickness;delta_declining;serotonin;5HT6;cortical;62;0,1739;0,17637579;0,473526474;0,737928738;FALSE
thickness;delta_declining;serotonin;5HTT;cortical;62;0,1583;0,219219244;0,537462537;0,737928738;FALSE
thickness;delta_declining;glutamate;mGluR5;cortical;62;0,0985;0,446091238;0,702297702;0,802625945;FALSE
thickness;delta_declining;glutamate;NMDA;cortical;62;0,3538;0,004789922;0,064935065;0,173160173;FALSE
thickness;baseline_all;dopamine;D1;cortical;62;-0,0805;0,53392852;0,612387612;0,677322677;FALSE
thickness;baseline_all;dopamine;D2;cortical;62;-0,3344;0,00788912;0,028971029;0,154512155;FALSE
thickness;baseline_all;dopamine;DAT;cortical;62;0,0662;0,609457185;0,677322677;0,677322677;FALSE
thickness;baseline_all;ach;VAChT;cortical;62;0,1414;0,272810581;0,3996004;0,639360639;FALSE
thickness;baseline_all;ach;M1;cortical;62;0,0703;0,586987413;0,664335664;0,677322677;FALSE
thickness;baseline_all;ach;A4B2;cortical;62;0,0861;0,505814199;0,625374625;0,677322677;FALSE
thickness;baseline_all;gaba;GABAa-bz;cortical;62;0,2668;0,03606317;0,078921079;0,310546596;FALSE
thickness;baseline_all;gaba;GABAa;cortical;62;0,1093;0,397682592;0,496503497;0,677322677;FALSE
thickness;baseline_all;serotonin;5HT1a;cortical;62;-0,4479;0,000261743;0,001998002;0,015984016;TRUE
thickness;baseline_all;serotonin;5HT1b;cortical;62;0,2396;0,060753783;0,135864136;0,310546596;FALSE
thickness;baseline_all;serotonin;5HT2a;cortical;62;-0,2493;0,050722539;0,100899101;0,310546596;FALSE
thickness;baseline_all;serotonin;5HT4;cortical;62;-0,5984;2,79E-07;0,000999001;0,015984016;TRUE
thickness;baseline_all;serotonin;5HT6;cortical;62;0,0935;0,469786272;0,551448551;0,677322677;FALSE
thickness;baseline_all;serotonin;5HTT;cortical;62;0,2612;0,040297937;0,127872128;0,310546596;FALSE
thickness;baseline_all;glutamate;mGluR5;cortical;62;-0,1445;0,262591362;0,361638362;0,639360639;FALSE
thickness;baseline_all;glutamate;NMDA;cortical;62;0,2049;0,110133233;0,170829171;0,341658342;FALSE
thickness;baseline_declining;dopamine;D1;cortical;62;-0,0326;0,801637333;0,851148851;0,907892108;FALSE
thickness;baseline_declining;dopamine;D2;cortical;62;-0,3207;0,011032422;0,070929071;0,226973027;FALSE
thickness;baseline_declining;dopamine;DAT;cortical;62;-0,0091;0,944094344;0,967032967;0,967032967;FALSE
thickness;baseline_declining;ach;VAChT;cortical;62;0,1997;0,119636263;0,293706294;0,529070929;FALSE
thickness;baseline_declining;ach;M1;cortical;62;0,1693;0,18836049;0,328671329;0,529070929;FALSE
thickness;baseline_declining;ach;A4B2;cortical;62;0,2893;0,022564799;0,118881119;0,317016317;FALSE
thickness;baseline_declining;gaba;GABAa-bz;cortical;62;0,3551;0,004619437;0,024975025;0,0999001;FALSE
thickness;baseline_declining;gaba;GABAa;cortical;62;0,1203;0,351694111;0,453546454;0,604728605;FALSE
thickness;baseline_declining;serotonin;5HT1a;cortical;62;-0,4612;0,000161817;0,004995005;0,058608059;FALSE
thickness;baseline_declining;serotonin;5HT1b;cortical;62;0,4388;0,000359744;0,010989011;0,058608059;FALSE
thickness;baseline_declining;serotonin;5HT2a;cortical;62;-0,099;0,443758807;0,565434565;0,695919465;FALSE
thickness;baseline_declining;serotonin;5HT4;cortical;62;-0,4468;0,000272247;0,008991009;0,058608059;FALSE
thickness;baseline_declining;serotonin;5HT6;cortical;62;0,2204;0,085161764;0,224775225;0,513771942;FALSE
thickness;baseline_declining;serotonin;5HTT;cortical;62;0,1742;0,175613889;0,374625375;0,544909636;FALSE
thickness;baseline_declining;glutamate;mGluR5;cortical;62;0,0652;0,614652821;0,753246753;0,860853432;FALSE
thickness;baseline_declining;glutamate;NMDA;cortical;62;0,1552;0,228258442;0,330669331;0,529070929;FALSE
