biomarker,correlation_type,neurotransmitter,receptor,region_type,n,rho,pvalue,pvalue_fdr,sig_fdr,ci_lower_95,ci_upper_95
fdg,delta_all,dopamine,D1,cortical,62,-0.1764,0.1701,0.402108,False,-0.4146,0.0843
fdg,delta_all,dopamine,D2,cortical,62,-0.0717,0.579759,0.579759,False,-0.3227,0.1887
fdg,delta_all,dopamine,DAT,cortical,62,0.1172,0.364426,0.494017,False,-0.1441,0.3632
fdg,delta_all,dopamine,D1,subcortical,19,0.307,0.201054,0.402108,False,-0.1853,0.6761
fdg,delta_all,dopamine,D2,subcortical,19,0.2,0.411681,0.494017,False,-0.2931,0.6091
fdg,delta_all,dopamine,DAT,subcortical,19,0.5175,0.023238,0.139427,False,0.0682,0.7923
fdg,delta_all,ach,VAChT,cortical,62,0.162,0.208277,0.64467,False,-0.099,0.4022
fdg,delta_all,ach,M1,cortical,62,-0.0471,0.716127,0.859353,False,-0.3004,0.2124
fdg,delta_all,ach,A4B2,cortical,62,-0.0188,0.88462,0.88462,False,-0.2744,0.2393
fdg,delta_all,ach,VAChT,subcortical,19,0.1737,0.477017,0.742899,False,-0.3178,0.5916
fdg,delta_all,ach,M1,subcortical,19,0.2982,0.21489,0.64467,False,-0.1946,0.6708
fdg,delta_all,ach,A4B2,subcortical,19,-0.1667,0.495266,0.742899,False,-0.5869,0.3243
fdg,delta_all,gaba,GABAa-bz,cortical,62,-0.0997,0.440737,0.587649,False,-0.3477,0.1614
fdg,delta_all,gaba,GABAa,cortical,62,-0.0481,0.710323,0.710323,False,-0.3013,0.2114
fdg,delta_all,gaba,GABAa-bz,subcortical,19,0.3158,0.187821,0.375643,False,-0.1759,0.6814
fdg,delta_all,gaba,GABAa,subcortical,19,0.3509,0.140775,0.375643,False,-0.1374,0.702
fdg,delta_all,serotonin,5HT1a,cortical,62,-0.0747,0.564108,0.620288,False,-0.3254,0.1858
fdg,delta_all,serotonin,5HT1b,cortical,62,-0.0738,0.568598,0.620288,False,-0.3246,0.1867
fdg,delta_all,serotonin,5HT2a,cortical,62,-0.2639,0.038189,0.114567,False,-0.4878,-0.0075
fdg,delta_all,serotonin,5HT4,cortical,62,-0.4418,0.000325,0.0039,True,-0.6275,-0.2085
fdg,delta_all,serotonin,5HT6,cortical,62,0.0089,0.945331,0.945331,False,-0.2486,0.2652
fdg,delta_all,serotonin,5HTT,cortical,62,0.3729,0.002839,0.011356,True,0.1282,0.5747
fdg,delta_all,serotonin,5HT1a,subcortical,19,0.3211,0.180169,0.339596,False,-0.1702,0.6845
fdg,delta_all,serotonin,5HT1b,subcortical,19,0.6982,0.000885,0.005308,True,0.3445,0.8784
fdg,delta_all,serotonin,5HT2a,subcortical,19,0.2912,0.226397,0.339596,False,-0.202,0.6666
fdg,delta_all,serotonin,5HT4,subcortical,19,0.3018,0.209283,0.339596,False,-0.1909,0.673
fdg,delta_all,serotonin,5HT6,subcortical,19,0.2456,0.310793,0.41439,False,-0.2486,0.6384
fdg,delta_all,serotonin,5HTT,subcortical,19,0.3877,0.100965,0.242316,False,-0.0953,0.723
fdg,delta_all,glutamate,mGluR5,cortical,62,-0.3344,0.007889,0.031556,True,-0.5446,-0.0848
fdg,delta_all,glutamate,NMDA,cortical,62,0.098,0.44843,0.597907,False,-0.163,0.3462
fdg,delta_all,glutamate,mGluR5,subcortical,19,0.2298,0.34388,0.597907,False,-0.2643,0.6284
fdg,delta_all,glutamate,NMDA,subcortical,19,-0.0193,0.937498,0.937498,False,-0.4808,0.4505
fdg,delta_declining,dopamine,D1,cortical,62,0.0008,0.995195,0.995195,False,-0.2562,0.2577
fdg,delta_declining,dopamine,D2,cortical,62,0.0585,0.651259,0.995195,False,-0.2014,0.3108
fdg,delta_declining,dopamine,DAT,cortical,62,0.2789,0.02816,0.168962,False,0.0237,0.5
fdg,delta_declining,dopamine,D1,subcortical,19,0.0053,0.982939,0.995195,False,-0.4617,0.4699
fdg,delta_declining,dopamine,D2,subcortical,19,-0.0825,0.73718,0.995195,False,-0.528,0.3987
fdg,delta_declining,dopamine,DAT,subcortical,19,0.2404,0.321602,0.964807,False,-0.2539,0.6351
fdg,delta_declining,ach,VAChT,cortical,62,0.2565,0.044198,0.265189,False,-0.0005,0.4817
fdg,delta_declining,ach,M1,cortical,62,0.0159,0.902441,0.902441,False,-0.242,0.2717
fdg,delta_declining,ach,A4B2,cortical,62,-0.0162,0.900288,0.902441,False,-0.272,0.2417
fdg,delta_declining,ach,VAChT,subcortical,19,-0.1509,0.537527,0.902441,False,-0.5762,0.3387
fdg,delta_declining,ach,M1,subcortical,19,-0.1193,0.626648,0.902441,False,-0.5543,0.3669
fdg,delta_declining,ach,A4B2,subcortical,19,0.0368,0.880971,0.902441,False,-0.4364,0.4942
fdg,delta_declining,gaba,GABAa-bz,cortical,62,-0.056,0.665348,0.90353,False,-0.3085,0.2038
fdg,delta_declining,gaba,GABAa,cortical,62,0.0284,0.82668,0.90353,False,-0.2302,0.2832
fdg,delta_declining,gaba,GABAa-bz,subcortical,19,0.0298,0.90353,0.90353,False,-0.4421,0.4888
fdg,delta_declining,gaba,GABAa,subcortical,19,0.1298,0.596303,0.90353,False,-0.3576,0.5617
fdg,delta_declining,serotonin,5HT1a,cortical,62,0.0215,0.868078,0.977254,False,-0.2367,0.2769
fdg,delta_declining,serotonin,5HT1b,cortical,62,-0.015,0.907675,0.977254,False,-0.2709,0.2428
fdg,delta_declining,serotonin,5HT2a,cortical,62,-0.2788,0.02819,0.11276,False,-0.5,-0.0236
fdg,delta_declining,serotonin,5HT4,cortical,62,-0.3225,0.010588,0.063528,False,-0.5351,-0.0714
fdg,delta_declining,serotonin,5HT6,cortical,62,0.095,0.462607,0.925215,False,-0.166,0.3436
fdg,delta_declining,serotonin,5HTT,cortical,62,0.4761,9.2e-05,0.001103,True,0.2497,0.6531
fdg,delta_declining,serotonin,5HT1a,subcortical,19,0.0491,0.841712,0.977254,False,-0.4264,0.5034
fdg,delta_declining,serotonin,5HT1b,subcortical,19,0.4035,0.086681,0.260042,False,-0.0767,0.7318
fdg,delta_declining,serotonin,5HT2a,subcortical,19,0.0386,0.875344,0.977254,False,-0.435,0.4955
fdg,delta_declining,serotonin,5HT4,subcortical,19,-0.007,0.977254,0.977254,False,-0.4713,0.4603
fdg,delta_declining,serotonin,5HT6,subcortical,19,-0.1298,0.596303,0.977254,False,-0.5617,0.3576
fdg,delta_declining,serotonin,5HTT,subcortical,19,0.3228,0.177665,0.426397,False,-0.1683,0.6855
fdg,delta_declining,glutamate,mGluR5,cortical,62,-0.2163,0.091249,0.182498,False,-0.4483,0.043
fdg,delta_declining,glutamate,NMDA,cortical,62,0.2242,0.079746,0.182498,False,-0.0347,0.455
fdg,delta_declining,glutamate,mGluR5,subcortical,19,-0.1614,0.509171,0.532752,False,-0.5833,0.3291
fdg,delta_declining,glutamate,NMDA,subcortical,19,-0.1526,0.532752,0.532752,False,-0.5774,0.3371
fdg,baseline_all,dopamine,D1,cortical,62,-0.3986,0.001333,0.002665,True,-0.5946,-0.1578
fdg,baseline_all,dopamine,D2,cortical,62,-0.674,0.0,0.0,True,-0.7935,-0.5045
fdg,baseline_all,dopamine,DAT,cortical,62,-0.5455,5e-06,1.4e-05,True,-0.7038,-0.3356
fdg,baseline_all,dopamine,D1,subcortical,19,0.486,0.034898,0.041878,True,0.0261,0.7761
fdg,baseline_all,dopamine,D2,subcortical,19,0.5737,0.010223,0.015334,True,0.1472,0.8203
fdg,baseline_all,dopamine,DAT,subcortical,19,0.2649,0.273051,0.273051,False,-0.2292,0.6504
fdg,baseline_all,ach,VAChT,cortical,62,-0.0847,0.512582,0.512582,False,-0.3344,0.176
fdg,baseline_all,ach,M1,cortical,62,0.2721,0.032404,0.060741,False,0.0163,0.4945
fdg,baseline_all,ach,A4B2,cortical,62,0.367,0.003343,0.020057,True,0.1216,0.5702
fdg,baseline_all,ach,VAChT,subcortical,19,0.5842,0.008625,0.025874,True,0.1627,0.8254
fdg,baseline_all,ach,M1,subcortical,19,0.4737,0.040494,0.060741,False,0.0101,0.7697
fdg,baseline_all,ach,A4B2,subcortical,19,0.2772,0.250589,0.300707,False,-0.2166,0.658
fdg,baseline_all,gaba,GABAa-bz,cortical,62,0.2641,0.038037,0.152146,False,0.0077,0.488
fdg,baseline_all,gaba,GABAa,cortical,62,0.0603,0.641747,0.855663,False,-0.1998,0.3124
fdg,baseline_all,gaba,GABAa-bz,subcortical,19,0.3667,0.122561,0.245121,False,-0.1195,0.711
fdg,baseline_all,gaba,GABAa,subcortical,19,0.0228,0.926161,0.926161,False,-0.4477,0.4835
fdg,baseline_all,serotonin,5HT1a,cortical,62,-0.7304,0.0,0.0,True,-0.8313,-0.5829
fdg,baseline_all,serotonin,5HT1b,cortical,62,0.632,0.0,0.0,True,0.4478,0.7647
fdg,baseline_all,serotonin,5HT2a,cortical,62,0.2462,0.053735,0.092118,False,-0.0115,0.4732
fdg,baseline_all,serotonin,5HT4,cortical,62,-0.4481,0.00026,0.001041,True,-0.6322,-0.216
fdg,baseline_all,serotonin,5HT6,cortical,62,0.2604,0.040941,0.081882,False,0.0037,0.4849
fdg,baseline_all,serotonin,5HTT,cortical,62,-0.3689,0.00317,0.009509,True,-0.5717,-0.1237
fdg,baseline_all,serotonin,5HT1a,subcortical,19,-0.1772,0.46802,0.624027,False,-0.594,0.3146
fdg,baseline_all,serotonin,5HT1b,subcortical,19,-0.0228,0.926161,0.971569,False,-0.4835,0.4477
fdg,baseline_all,serotonin,5HT2a,subcortical,19,0.1035,0.673252,0.807902,False,-0.3806,0.5431
fdg,baseline_all,serotonin,5HT4,subcortical,19,0.3404,0.153919,0.230879,False,-0.1491,0.6958
fdg,baseline_all,serotonin,5HT6,subcortical,19,0.493,0.031982,0.076756,False,0.0353,0.7797
fdg,baseline_all,serotonin,5HTT,subcortical,19,-0.0088,0.971569,0.971569,False,-0.4726,0.4589
fdg,baseline_all,glutamate,mGluR5,cortical,62,-0.0061,0.962661,0.962661,False,-0.2626,0.2513
fdg,baseline_all,glutamate,NMDA,cortical,62,-0.0265,0.837901,0.962661,False,-0.2815,0.232
fdg,baseline_all,glutamate,mGluR5,subcortical,19,0.5175,0.023238,0.046476,True,0.0682,0.7923
fdg,baseline_all,glutamate,NMDA,subcortical,19,0.5544,0.013769,0.046476,True,0.1194,0.8108
fdg,baseline_declining,dopamine,D1,cortical,62,-0.4056,0.001073,0.002147,True,-0.6,-0.166
fdg,baseline_declining,dopamine,D2,cortical,62,-0.6741,0.0,0.0,True,-0.7936,-0.5045
fdg,baseline_declining,dopamine,DAT,cortical,62,-0.5248,1.2e-05,3.6e-05,True,-0.6889,-0.3096
fdg,baseline_declining,dopamine,D1,subcortical,19,0.4789,0.038017,0.045621,True,0.0169,0.7724
fdg,baseline_declining,dopamine,D2,subcortical,19,0.5667,0.011415,0.017122,True,0.137,0.8169
fdg,baseline_declining,dopamine,DAT,subcortical,19,0.2842,0.238296,0.238296,False,-0.2093,0.6623
fdg,baseline_declining,ach,VAChT,cortical,62,-0.0232,0.857996,0.857996,False,-0.2785,0.2351
fdg,baseline_declining,ach,M1,cortical,62,0.2568,0.043897,0.065846,False,-0.0001,0.482
fdg,baseline_declining,ach,A4B2,cortical,62,0.3758,0.002609,0.015657,True,0.1316,0.577
fdg,baseline_declining,ach,VAChT,subcortical,19,0.5632,0.012052,0.036155,True,0.132,0.8151
fdg,baseline_declining,ach,M1,subcortical,19,0.4754,0.039655,0.065846,False,0.0124,0.7706
fdg,baseline_declining,ach,A4B2,subcortical,19,0.3281,0.170297,0.204356,False,-0.1626,0.6886
fdg,baseline_declining,gaba,GABAa-bz,cortical,62,0.2263,0.076939,0.241291,False,-0.0325,0.4567
fdg,baseline_declining,gaba,GABAa,cortical,62,0.026,0.841244,0.886603,False,-0.2325,0.281
fdg,baseline_declining,gaba,GABAa-bz,subcortical,19,0.3684,0.120645,0.241291,False,-0.1175,0.712
fdg,baseline_declining,gaba,GABAa,subcortical,19,0.0351,0.886603,0.886603,False,-0.4379,0.4928
fdg,baseline_declining,serotonin,5HT1a,cortical,62,-0.7336,0.0,0.0,True,-0.8335,-0.5874
fdg,baseline_declining,serotonin,5HT1b,cortical,62,0.611,0.0,1e-06,True,0.4201,0.7502
fdg,baseline_declining,serotonin,5HT2a,cortical,62,0.1864,0.146956,0.251925,False,-0.0741,0.423
fdg,baseline_declining,serotonin,5HT4,cortical,62,-0.5008,3.4e-05,0.000136,True,-0.6713,-0.2799
fdg,baseline_declining,serotonin,5HT6,cortical,62,0.2333,0.068004,0.136008,False,-0.0251,0.4625
fdg,baseline_declining,serotonin,5HTT,cortical,62,-0.325,0.009963,0.029888,True,-0.5371,-0.0742
fdg,baseline_declining,serotonin,5HT1a,subcortical,19,-0.1351,0.581362,0.697634,False,-0.5653,0.3529
fdg,baseline_declining,serotonin,5HT1b,subcortical,19,0.0211,0.931828,0.931828,False,-0.4492,0.4821
fdg,baseline_declining,serotonin,5HT2a,subcortical,19,0.1351,0.581362,0.697634,False,-0.3529,0.5653
fdg,baseline_declining,serotonin,5HT4,subcortical,19,0.2982,0.21489,0.322335,False,-0.1946,0.6708
fdg,baseline_declining,serotonin,5HT6,subcortical,19,0.4667,0.043988,0.10557,False,0.0011,0.766
fdg,baseline_declining,serotonin,5HTT,subcortical,19,0.0333,0.892241,0.931828,False,-0.4393,0.4915
fdg,baseline_declining,glutamate,mGluR5,cortical,62,-0.0272,0.833955,0.945331,False,-0.2821,0.2314
fdg,baseline_declining,glutamate,NMDA,cortical,62,-0.0089,0.945331,0.945331,False,-0.2652,0.2486
fdg,baseline_declining,glutamate,mGluR5,subcortical,19,0.5175,0.023238,0.049862,True,0.0682,0.7923
fdg,baseline_declining,glutamate,NMDA,subcortical,19,0.5123,0.024931,0.049862,True,0.0611,0.7897
t1t2,delta_all,dopamine,D1,cortical,62,-0.3821,0.002177,0.004354,True,-0.5819,-0.1388
t1t2,delta_all,dopamine,D2,cortical,62,-0.5843,1e-06,4e-06,True,-0.7315,-0.3853
t1t2,delta_all,dopamine,DAT,cortical,62,-0.5066,2.7e-05,8e-05,True,-0.6756,-0.287
t1t2,delta_all,dopamine,D1,subcortical,19,-0.5333,0.018697,0.018697,True,-0.8003,-0.0899
t1t2,delta_all,dopamine,D2,subcortical,19,-0.5404,0.016919,0.018697,True,-0.8038,-0.0996
t1t2,delta_all,dopamine,DAT,subcortical,19,-0.5456,0.015677,0.018697,True,-0.8065,-0.107
t1t2,delta_all,ach,VAChT,cortical,62,-0.0636,0.62317,0.62317,False,-0.3154,0.1965
t1t2,delta_all,ach,M1,cortical,62,0.1468,0.254933,0.30592,False,-0.1145,0.389
t1t2,delta_all,ach,A4B2,cortical,62,0.2314,0.07036,0.156537,False,-0.0271,0.4609
t1t2,delta_all,ach,VAChT,subcortical,19,-0.5825,0.008876,0.053255,False,-0.8245,-0.1601
t1t2,delta_all,ach,M1,subcortical,19,-0.3842,0.104358,0.156537,False,-0.721,0.0994
t1t2,delta_all,ach,A4B2,subcortical,19,0.386,0.102651,0.156537,False,-0.0973,0.722
t1t2,delta_all,gaba,GABAa-bz,cortical,62,0.2543,0.046083,0.184332,False,-0.0028,0.4799
t1t2,delta_all,gaba,GABAa,cortical,62,-0.0409,0.752166,0.937498,False,-0.2948,0.2183
t1t2,delta_all,gaba,GABAa-bz,subcortical,19,0.0193,0.937498,0.937498,False,-0.4505,0.4808
t1t2,delta_all,gaba,GABAa,subcortical,19,-0.0193,0.937498,0.937498,False,-0.4808,0.4505
t1t2,delta_all,serotonin,5HT1a,cortical,62,-0.6464,0.0,0.0,True,-0.7747,-0.4671
t1t2,delta_all,serotonin,5HT1b,cortical,62,0.4944,4.4e-05,0.000265,True,0.2721,0.6667
t1t2,delta_all,serotonin,5HT2a,cortical,62,-0.0168,0.896597,0.896597,False,-0.2726,0.2411
t1t2,delta_all,serotonin,5HT4,cortical,62,-0.3739,0.002759,0.011037,True,-0.5755,-0.1294
t1t2,delta_all,serotonin,5HT6,cortical,62,0.1893,0.140504,0.187339,False,-0.071,0.4256
t1t2,delta_all,serotonin,5HTT,cortical,62,-0.3605,0.003995,0.011986,True,-0.5651,-0.1142
t1t2,delta_all,serotonin,5HT1a,subcortical,19,0.3754,0.113198,0.169796,False,-0.1095,0.716
t1t2,delta_all,serotonin,5HT1b,subcortical,19,-0.4386,0.060315,0.103398,False,-0.751,0.0342
t1t2,delta_all,serotonin,5HT2a,subcortical,19,-0.193,0.428613,0.467578,False,-0.6044,0.2998
t1t2,delta_all,serotonin,5HT4,subcortical,19,-0.5982,0.006815,0.016356,True,-0.8322,-0.1836
t1t2,delta_all,serotonin,5HT6,subcortical,19,-0.5123,0.024931,0.049862,True,-0.7897,-0.0611
t1t2,delta_all,serotonin,5HTT,subcortical,19,-0.2754,0.253724,0.304468,False,-0.657,0.2184
t1t2,delta_all,glutamate,mGluR5,cortical,62,0.097,0.453129,0.604172,False,-0.164,0.3453
t1t2,delta_all,glutamate,NMDA,cortical,62,-0.0195,0.880326,0.880326,False,-0.2751,0.2386
t1t2,delta_all,glutamate,mGluR5,subcortical,19,-0.3667,0.122561,0.245121,False,-0.711,0.1195
t1t2,delta_all,glutamate,NMDA,subcortical,19,-0.5193,0.022694,0.090777,False,-0.7932,-0.0706
t1t2,delta_declining,dopamine,D1,cortical,62,-0.3339,0.007989,0.010055,True,-0.5442,-0.0842
t1t2,delta_declining,dopamine,D2,cortical,62,-0.481,7.6e-05,0.000227,True,-0.6568,-0.2557
t1t2,delta_declining,dopamine,DAT,cortical,62,-0.4829,7e-05,0.000227,True,-0.6581,-0.2579
t1t2,delta_declining,dopamine,D1,subcortical,19,-0.5439,0.016083,0.016083,True,-0.8056,-0.1045
t1t2,delta_declining,dopamine,D2,subcortical,19,-0.5947,0.007235,0.010055,True,-0.8305,-0.1783
t1t2,delta_declining,dopamine,DAT,subcortical,19,-0.586,0.008379,0.010055,True,-0.8262,-0.1653
t1t2,delta_declining,ach,VAChT,cortical,62,-0.2434,0.056575,0.169725,False,-0.4709,0.0144
t1t2,delta_declining,ach,M1,cortical,62,0.1295,0.315931,0.454544,False,-0.1319,0.374
t1t2,delta_declining,ach,A4B2,cortical,62,0.0967,0.454544,0.454544,False,-0.1643,0.3451
t1t2,delta_declining,ach,VAChT,subcortical,19,-0.6368,0.003366,0.020196,True,-0.8504,-0.2432
t1t2,delta_declining,ach,M1,subcortical,19,-0.3561,0.134506,0.269011,False,-0.705,0.1315
t1t2,delta_declining,ach,A4B2,subcortical,19,0.214,0.378924,0.454544,False,-0.2796,0.6182
t1t2,delta_declining,gaba,GABAa-bz,cortical,62,0.2156,0.092413,0.369652,False,-0.0438,0.4477
t1t2,delta_declining,gaba,GABAa,cortical,62,0.0122,0.925248,0.925248,False,-0.2455,0.2683
t1t2,delta_declining,gaba,GABAa-bz,subcortical,19,0.0263,0.914838,0.925248,False,-0.4449,0.4862
t1t2,delta_declining,gaba,GABAa,subcortical,19,0.1053,0.668013,0.925248,False,-0.3791,0.5444
t1t2,delta_declining,serotonin,5HT1a,cortical,62,-0.5913,0.0,5e-06,True,-0.7364,-0.3943
t1t2,delta_declining,serotonin,5HT1b,cortical,62,0.4583,0.00018,0.001079,True,0.2282,0.6399
t1t2,delta_declining,serotonin,5HT2a,cortical,62,-0.0351,0.786645,0.786645,False,-0.2894,0.2239
t1t2,delta_declining,serotonin,5HT4,cortical,62,-0.2857,0.024393,0.048787,True,-0.5055,-0.031
t1t2,delta_declining,serotonin,5HT6,cortical,62,0.0855,0.508817,0.61058,False,-0.1753,0.3351
t1t2,delta_declining,serotonin,5HTT,cortical,62,-0.3901,0.00172,0.006601,True,-0.5881,-0.1481
t1t2,delta_declining,serotonin,5HT1a,subcortical,19,0.414,0.078019,0.117029,False,-0.0641,0.7376
t1t2,delta_declining,serotonin,5HT1b,subcortical,19,-0.4526,0.051663,0.088565,False,-0.7585,0.0167
t1t2,delta_declining,serotonin,5HT2a,subcortical,19,-0.114,0.642044,0.700411,False,-0.5506,0.3715
t1t2,delta_declining,serotonin,5HT4,subcortical,19,-0.6579,0.0022,0.006601,True,-0.8601,-0.277
t1t2,delta_declining,serotonin,5HT6,subcortical,19,-0.5474,0.015279,0.036671,True,-0.8073,-0.1095
t1t2,delta_declining,serotonin,5HTT,subcortical,19,-0.386,0.102651,0.136868,False,-0.722,0.0973
t1t2,delta_declining,glutamate,mGluR5,cortical,62,0.033,0.798933,0.798933,False,-0.2258,0.2875
t1t2,delta_declining,glutamate,NMDA,cortical,62,-0.0705,0.586182,0.781576,False,-0.3216,0.1899
t1t2,delta_declining,glutamate,mGluR5,subcortical,19,-0.3526,0.138663,0.277326,False,-0.703,0.1354
t1t2,delta_declining,glutamate,NMDA,subcortical,19,-0.6281,0.003983,0.015932,True,-0.8463,-0.2294
t1t2,baseline_all,dopamine,D1,cortical,62,-0.1524,0.236926,0.355388,False,-0.3939,0.1088
t1t2,baseline_all,dopamine,D2,cortical,62,-0.374,0.002747,0.016484,True,-0.5756,-0.1295
t1t2,baseline_all,dopamine,DAT,cortical,62,0.0278,0.830013,0.830013,False,-0.2308,0.2827
t1t2,baseline_all,dopamine,D1,subcortical,19,0.2491,0.303709,0.364451,False,-0.2451,0.6406
t1t2,baseline_all,dopamine,D2,subcortical,19,0.3842,0.104358,0.208715,False,-0.0994,0.721
t1t2,baseline_all,dopamine,DAT,subcortical,19,0.5526,0.014135,0.042405,True,0.1169,0.8099
t1t2,baseline_all,ach,VAChT,cortical,62,-0.2548,0.045683,0.091366,False,-0.4803,0.0023
t1t2,baseline_all,ach,M1,cortical,62,-0.2816,0.026627,0.079881,False,-0.5022,-0.0265
t1t2,baseline_all,ach,A4B2,cortical,62,-0.5159,1.8e-05,0.000106,True,-0.6824,-0.2985
t1t2,baseline_all,ach,VAChT,subcortical,19,0.286,0.235285,0.282342,False,-0.2075,0.6634
t1t2,baseline_all,ach,M1,subcortical,19,-0.1018,0.678505,0.678505,False,-0.5419,0.3822
t1t2,baseline_all,ach,A4B2,subcortical,19,0.3579,0.13246,0.19869,False,-0.1295,0.706
t1t2,baseline_all,gaba,GABAa-bz,cortical,62,-0.0147,0.909522,0.909522,False,-0.2706,0.2431
t1t2,baseline_all,gaba,GABAa,cortical,62,0.0384,0.766973,0.909522,False,-0.2207,0.2924
t1t2,baseline_all,gaba,GABAa-bz,subcortical,19,-0.5404,0.016919,0.033839,True,-0.8038,-0.0996
t1t2,baseline_all,gaba,GABAa,subcortical,19,-0.7105,0.000651,0.002605,True,-0.8838,-0.3658
t1t2,baseline_all,serotonin,5HT1a,cortical,62,-0.3325,0.008285,0.019885,True,-0.543,-0.0826
t1t2,baseline_all,serotonin,5HT1b,cortical,62,-0.3502,0.005272,0.019885,True,-0.557,-0.1024
t1t2,baseline_all,serotonin,5HT2a,cortical,62,-0.2956,0.019687,0.03375,True,-0.5135,-0.0418
t1t2,baseline_all,serotonin,5HT4,cortical,62,-0.5753,1e-06,1.2e-05,True,-0.7251,-0.3736
t1t2,baseline_all,serotonin,5HT6,cortical,62,-0.3192,0.011452,0.022903,True,-0.5324,-0.0678
t1t2,baseline_all,serotonin,5HTT,cortical,62,0.1314,0.308582,0.336635,False,-0.1299,0.3757
t1t2,baseline_all,serotonin,5HT1a,subcortical,19,-0.507,0.026719,0.040079,True,-0.787,-0.054
t1t2,baseline_all,serotonin,5HT1b,subcortical,19,0.5877,0.008139,0.019885,True,0.1679,0.8271
t1t2,baseline_all,serotonin,5HT2a,subcortical,19,-0.3175,0.185247,0.246996,False,-0.6824,0.174
t1t2,baseline_all,serotonin,5HT4,subcortical,19,0.2895,0.229335,0.275202,False,-0.2038,0.6655
t1t2,baseline_all,serotonin,5HT6,subcortical,19,0.1439,0.556822,0.556822,False,-0.3451,0.5714
t1t2,baseline_all,serotonin,5HTT,subcortical,19,0.8333,9e-06,5.6e-05,True,0.6007,0.9359
t1t2,baseline_all,glutamate,mGluR5,cortical,62,-0.5511,3e-06,1.4e-05,True,-0.7078,-0.3426
t1t2,baseline_all,glutamate,NMDA,cortical,62,0.1079,0.403835,0.647207,False,-0.1533,0.355
t1t2,baseline_all,glutamate,mGluR5,subcortical,19,-0.1175,0.631764,0.647207,False,-0.5531,0.3684
t1t2,baseline_all,glutamate,NMDA,subcortical,19,0.1123,0.647207,0.647207,False,-0.373,0.5493
t1t2,baseline_declining,dopamine,D1,cortical,62,-0.2606,0.040779,0.081559,False,-0.4851,-0.0039
t1t2,baseline_declining,dopamine,D2,cortical,62,-0.5875,1e-06,3e-06,True,-0.7337,-0.3894
t1t2,baseline_declining,dopamine,DAT,cortical,62,-0.2048,0.110312,0.140255,False,-0.4387,0.055
t1t2,baseline_declining,dopamine,D1,subcortical,19,0.2333,0.336357,0.336357,False,-0.2608,0.6306
t1t2,baseline_declining,dopamine,D2,subcortical,19,0.3719,0.116879,0.140255,False,-0.1135,0.714
t1t2,baseline_declining,dopamine,DAT,subcortical,19,0.5404,0.016919,0.050758,False,0.0996,0.8038
t1t2,baseline_declining,ach,VAChT,cortical,62,-0.2611,0.040378,0.121134,False,-0.4855,-0.0045
t1t2,baseline_declining,ach,M1,cortical,62,-0.2204,0.085162,0.141631,False,-0.4518,0.0387
t1t2,baseline_declining,ach,A4B2,cortical,62,-0.3215,0.010821,0.064928,False,-0.5343,-0.0704
t1t2,baseline_declining,ach,VAChT,subcortical,19,0.2667,0.269768,0.323722,False,-0.2274,0.6515
t1t2,baseline_declining,ach,M1,subcortical,19,-0.1316,0.591305,0.591305,False,-0.5629,0.356
t1t2,baseline_declining,ach,A4B2,subcortical,19,0.3947,0.094421,0.141631,False,-0.0871,0.7269
t1t2,baseline_declining,gaba,GABAa-bz,cortical,62,0.1344,0.297675,0.3969,False,-0.1269,0.3783
t1t2,baseline_declining,gaba,GABAa,cortical,62,0.0529,0.68298,0.68298,False,-0.2068,0.3057
t1t2,baseline_declining,gaba,GABAa-bz,subcortical,19,-0.5509,0.014508,0.029017,True,-0.8091,-0.1144
t1t2,baseline_declining,gaba,GABAa,subcortical,19,-0.7193,0.000518,0.002073,True,-0.8877,-0.3812
t1t2,baseline_declining,serotonin,5HT1a,cortical,62,-0.598,0.0,2e-06,True,-0.7411,-0.403
t1t2,baseline_declining,serotonin,5HT1b,cortical,62,-0.1031,0.425346,0.504143,False,-0.3507,0.158
t1t2,baseline_declining,serotonin,5HT2a,cortical,62,-0.2065,0.107302,0.214605,False,-0.4401,0.0532
t1t2,baseline_declining,serotonin,5HT4,cortical,62,-0.6404,0.0,0.0,True,-0.7705,-0.459
t1t2,baseline_declining,serotonin,5HT6,cortical,62,-0.178,0.166413,0.24962,False,-0.4159,0.0828
t1t2,baseline_declining,serotonin,5HTT,cortical,62,-0.0951,0.462131,0.504143,False,-0.3436,0.1659
t1t2,baseline_declining,serotonin,5HT1a,subcortical,19,-0.5404,0.016919,0.040607,True,-0.8038,-0.0996
t1t2,baseline_declining,serotonin,5HT1b,subcortical,19,0.5789,0.009396,0.028188,True,0.1549,0.8228
t1t2,baseline_declining,serotonin,5HT2a,subcortical,19,-0.3561,0.134506,0.230581,False,-0.705,0.1315
t1t2,baseline_declining,serotonin,5HT4,subcortical,19,0.2614,0.279691,0.372922,False,-0.2327,0.6483
t1t2,baseline_declining,serotonin,5HT6,subcortical,19,0.1175,0.631764,0.631764,False,-0.3684,0.5531
t1t2,baseline_declining,serotonin,5HTT,subcortical,19,0.8281,1.2e-05,4.8e-05,True,0.5897,0.9337
t1t2,baseline_declining,glutamate,mGluR5,cortical,62,-0.4285,0.000511,0.002045,True,-0.6175,-0.1928
t1t2,baseline_declining,glutamate,NMDA,cortical,62,0.0957,0.459515,0.726397,False,-0.1653,0.3441
t1t2,baseline_declining,glutamate,mGluR5,subcortical,19,-0.1439,0.556822,0.726397,False,-0.5714,0.3451
t1t2,baseline_declining,glutamate,NMDA,subcortical,19,0.086,0.726397,0.726397,False,-0.3957,0.5305
volume,delta_all,dopamine,D1,cortical,62,-0.0871,0.500831,0.500831,False,-0.3365,0.1737
volume,delta_all,dopamine,D2,cortical,62,-0.677,0.0,0.0,True,-0.7955,-0.5085
volume,delta_all,dopamine,DAT,cortical,62,-0.1531,0.234738,0.327661,False,-0.3945,0.1081
volume,delta_all,dopamine,D1,subcortical,19,0.2649,0.273051,0.327661,False,-0.2292,0.6504
volume,delta_all,dopamine,D2,subcortical,19,0.3649,0.124497,0.248994,False,-0.1215,0.71
volume,delta_all,dopamine,DAT,subcortical,19,0.5123,0.024931,0.074792,False,0.0611,0.7897
volume,delta_all,ach,VAChT,cortical,62,-0.077,0.551784,0.827676,False,-0.3275,0.1835
volume,delta_all,ach,M1,cortical,62,-0.0913,0.48018,0.827676,False,-0.3403,0.1696
volume,delta_all,ach,A4B2,cortical,62,0.0353,0.785449,0.926161,False,-0.2237,0.2896
volume,delta_all,ach,VAChT,subcortical,19,0.2947,0.220595,0.827676,False,-0.1983,0.6687
volume,delta_all,ach,M1,subcortical,19,-0.0228,0.926161,0.926161,False,-0.4835,0.4477
volume,delta_all,ach,A4B2,subcortical,19,0.2175,0.37097,0.827676,False,-0.2762,0.6205
volume,delta_all,gaba,GABAa-bz,cortical,62,0.5516,3e-06,1.3e-05,True,0.3433,0.7082
volume,delta_all,gaba,GABAa,cortical,62,0.1123,0.384686,0.384686,False,-0.1489,0.3589
volume,delta_all,gaba,GABAa-bz,subcortical,19,-0.2439,0.314372,0.384686,False,-0.6373,0.2504
volume,delta_all,gaba,GABAa,subcortical,19,-0.4316,0.06503,0.13006,False,-0.7472,0.0428
volume,delta_all,serotonin,5HT1a,cortical,62,-0.7102,0.0,0.0,True,-0.8179,-0.5544
volume,delta_all,serotonin,5HT1b,cortical,62,0.3515,0.005093,0.020373,True,0.1039,0.558
volume,delta_all,serotonin,5HT2a,cortical,62,-0.0976,0.450542,0.4915,False,-0.3458,0.1634
volume,delta_all,serotonin,5HT4,cortical,62,-0.3966,0.001417,0.008502,True,-0.5931,-0.1555
volume,delta_all,serotonin,5HT6,cortical,62,0.1238,0.337654,0.426415,False,-0.1375,0.369
volume,delta_all,serotonin,5HTT,cortical,62,-0.0162,0.900595,0.900595,False,-0.272,0.2417
volume,delta_all,serotonin,5HT1a,subcortical,19,-0.5649,0.01173,0.035189,True,-0.816,-0.1345
volume,delta_all,serotonin,5HT1b,subcortical,19,0.4649,0.044896,0.089792,False,-0.0011,0.765
volume,delta_all,serotonin,5HT2a,subcortical,19,-0.5193,0.022694,0.054466,False,-0.7932,-0.0706
volume,delta_all,serotonin,5HT4,subcortical,19,0.3158,0.187821,0.281732,False,-0.1759,0.6814
volume,delta_all,serotonin,5HT6,subcortical,19,0.2246,0.355346,0.426415,False,-0.2694,0.625
volume,delta_all,serotonin,5HTT,subcortical,19,0.3895,0.099299,0.170227,False,-0.0932,0.7239
volume,delta_all,glutamate,mGluR5,cortical,62,0.0231,0.858606,0.858606,False,-0.2352,0.2784
volume,delta_all,glutamate,NMDA,cortical,62,0.1828,0.154894,0.619577,False,-0.0777,0.42
volume,delta_all,glutamate,mGluR5,subcortical,19,-0.0561,0.819431,0.858606,False,-0.5086,0.4207
volume,delta_all,glutamate,NMDA,subcortical,19,-0.0561,0.819431,0.858606,False,-0.5086,0.4207
volume,delta_declining,dopamine,D1,cortical,62,-0.0457,0.724281,0.724281,False,-0.2991,0.2137
volume,delta_declining,dopamine,D2,cortical,62,-0.6124,0.0,1e-06,True,-0.7512,-0.4219
volume,delta_declining,dopamine,DAT,cortical,62,-0.12,0.352914,0.423497,False,-0.3657,0.1413
volume,delta_declining,dopamine,D1,subcortical,19,0.3526,0.138663,0.207994,False,-0.1354,0.703
volume,delta_declining,dopamine,D2,subcortical,19,0.4246,0.070015,0.14003,False,-0.0514,0.7434
volume,delta_declining,dopamine,DAT,subcortical,19,0.6123,0.005327,0.015982,True,0.2049,0.8388
volume,delta_declining,ach,VAChT,cortical,62,0.0684,0.597499,0.726397,False,-0.1919,0.3197
volume,delta_declining,ach,M1,cortical,62,0.0492,0.703957,0.726397,False,-0.2104,0.3023
volume,delta_declining,ach,A4B2,cortical,62,0.1875,0.144525,0.448342,False,-0.073,0.424
volume,delta_declining,ach,VAChT,subcortical,19,0.3439,0.149447,0.448342,False,-0.1452,0.6979
volume,delta_declining,ach,M1,subcortical,19,0.086,0.726397,0.726397,False,-0.3957,0.5305
volume,delta_declining,ach,A4B2,subcortical,19,0.1316,0.591305,0.726397,False,-0.356,0.5629
volume,delta_declining,gaba,GABAa-bz,cortical,62,0.4902,5.3e-05,0.00021,True,0.2668,0.6635
volume,delta_declining,gaba,GABAa,cortical,62,0.082,0.52651,0.52651,False,-0.1787,0.3319
volume,delta_declining,gaba,GABAa-bz,subcortical,19,-0.186,0.445906,0.52651,False,-0.5998,0.3064
volume,delta_declining,gaba,GABAa,subcortical,19,-0.3754,0.113198,0.226395,False,-0.716,0.1095
volume,delta_declining,serotonin,5HT1a,cortical,62,-0.6561,0.0,0.0,True,-0.7813,-0.4801
volume,delta_declining,serotonin,5HT1b,cortical,62,0.4494,0.000248,0.001491,True,0.2176,0.6332
volume,delta_declining,serotonin,5HT2a,cortical,62,-0.039,0.763708,0.833136,False,-0.293,0.2202
volume,delta_declining,serotonin,5HT4,cortical,62,-0.3421,0.006499,0.019496,True,-0.5506,-0.0934
volume,delta_declining,serotonin,5HT6,cortical,62,0.1809,0.159452,0.212603,False,-0.0798,0.4184
volume,delta_declining,serotonin,5HTT,cortical,62,-0.0115,0.929261,0.929261,False,-0.2676,0.2462
volume,delta_declining,serotonin,5HT1a,subcortical,19,-0.4421,0.058057,0.116114,False,-0.7529,0.0298
volume,delta_declining,serotonin,5HT1b,subcortical,19,0.6088,0.005672,0.019496,True,0.1996,0.8372
volume,delta_declining,serotonin,5HT2a,subcortical,19,-0.3772,0.111388,0.167082,False,-0.717,0.1075
volume,delta_declining,serotonin,5HT4,subcortical,19,0.3877,0.100965,0.167082,False,-0.0953,0.723
volume,delta_declining,serotonin,5HT6,subcortical,19,0.2912,0.226397,0.271677,False,-0.202,0.6666
volume,delta_declining,serotonin,5HTT,subcortical,19,0.4754,0.039655,0.095172,False,0.0124,0.7706
volume,delta_declining,glutamate,mGluR5,cortical,62,0.122,0.34483,0.68966,False,-0.1393,0.3674
volume,delta_declining,glutamate,NMDA,cortical,62,0.2228,0.081708,0.326833,False,-0.0362,0.4538
volume,delta_declining,glutamate,mGluR5,subcortical,19,0.0456,0.852896,0.852896,False,-0.4293,0.5008
volume,delta_declining,glutamate,NMDA,subcortical,19,-0.0684,0.780767,0.852896,False,-0.5177,0.4105
volume,baseline_all,dopamine,D1,cortical,62,0.0569,0.660263,0.660263,False,-0.203,0.3093
volume,baseline_all,dopamine,D2,cortical,62,-0.4173,0.00074,0.002221,True,-0.6089,-0.1796
volume,baseline_all,dopamine,DAT,cortical,62,0.1686,0.190234,0.228281,False,-0.0923,0.4079
volume,baseline_all,dopamine,D1,subcortical,19,0.6754,0.001506,0.003011,True,0.3059,0.8681
volume,baseline_all,dopamine,D2,subcortical,19,0.7526,0.000201,0.001204,True,0.4417,0.9022
volume,baseline_all,dopamine,DAT,subcortical,19,0.6298,0.003853,0.005779,True,0.2321,0.8471
volume,baseline_all,ach,VAChT,cortical,62,0.3501,0.005286,0.015858,True,0.1023,0.5569
volume,baseline_all,ach,M1,cortical,62,0.0487,0.707137,0.848565,False,-0.2109,0.3018
volume,baseline_all,ach,A4B2,cortical,62,0.153,0.23505,0.352574,False,-0.1082,0.3945
volume,baseline_all,ach,VAChT,subcortical,19,0.7018,0.000812,0.004871,True,0.3505,0.8799
volume,baseline_all,ach,M1,subcortical,19,0.486,0.034898,0.069797,False,0.0261,0.7761
volume,baseline_all,ach,A4B2,subcortical,19,-0.0158,0.948846,0.948846,False,-0.4781,0.4533
volume,baseline_all,gaba,GABAa-bz,cortical,62,0.5361,7e-06,2.8e-05,True,0.3238,0.6971
volume,baseline_all,gaba,GABAa,cortical,62,0.1861,0.147513,0.295026,False,-0.0744,0.4228
volume,baseline_all,gaba,GABAa-bz,subcortical,19,-0.0228,0.926161,0.926161,False,-0.4835,0.4477
volume,baseline_all,gaba,GABAa,subcortical,19,-0.286,0.235285,0.313713,False,-0.6634,0.2075
volume,baseline_all,serotonin,5HT1a,cortical,62,-0.4834,6.9e-05,0.000413,True,-0.6586,-0.2586
volume,baseline_all,serotonin,5HT1b,cortical,62,0.3616,0.003882,0.011646,True,0.1154,0.5659
volume,baseline_all,serotonin,5HT2a,cortical,62,-0.2428,0.05721,0.085816,False,-0.4704,0.015
volume,baseline_all,serotonin,5HT4,cortical,62,-0.5303,9e-06,0.000112,True,-0.6928,-0.3164
volume,baseline_all,serotonin,5HT6,cortical,62,0.2325,0.06905,0.091969,False,-0.026,0.4618
volume,baseline_all,serotonin,5HTT,cortical,62,0.4015,0.001218,0.004873,True,0.1612,0.5969
volume,baseline_all,serotonin,5HT1a,subcortical,19,-0.4158,0.076641,0.091969,False,-0.7385,0.062
volume,baseline_all,serotonin,5HT1b,subcortical,19,0.4895,0.033415,0.057283,False,0.0307,0.7779
volume,baseline_all,serotonin,5HT2a,subcortical,19,-0.1474,0.547136,0.547136,False,-0.5738,0.3419
volume,baseline_all,serotonin,5HT4,subcortical,19,0.5789,0.009396,0.018792,True,0.1549,0.8228
volume,baseline_all,serotonin,5HT6,subcortical,19,0.607,0.00585,0.014041,True,0.1969,0.8363
volume,baseline_all,serotonin,5HTT,subcortical,19,0.3404,0.153919,0.167912,False,-0.1491,0.6958
volume,baseline_all,glutamate,mGluR5,cortical,62,0.1254,0.33155,0.395116,False,-0.1359,0.3704
volume,baseline_all,glutamate,NMDA,cortical,62,0.404,0.001127,0.004508,True,0.1642,0.5988
volume,baseline_all,glutamate,mGluR5,subcortical,19,0.4702,0.042213,0.084426,False,0.0056,0.7678
volume,baseline_all,glutamate,NMDA,subcortical,19,0.207,0.395116,0.395116,False,-0.2864,0.6136
volume,baseline_declining,dopamine,D1,cortical,62,-0.0099,0.939148,0.952756,False,-0.2662,0.2477
volume,baseline_declining,dopamine,D2,cortical,62,-0.4638,0.000147,0.000484,True,-0.644,-0.2349
volume,baseline_declining,dopamine,DAT,cortical,62,0.0077,0.952756,0.952756,False,-0.2497,0.2641
volume,baseline_declining,dopamine,D1,subcortical,19,0.6544,0.002367,0.004734,True,0.2713,0.8585
volume,baseline_declining,dopamine,D2,subcortical,19,0.7596,0.000161,0.000484,True,0.4548,0.9052
volume,baseline_declining,dopamine,DAT,subcortical,19,0.6281,0.003983,0.005975,True,0.2294,0.8463
volume,baseline_declining,ach,VAChT,cortical,62,0.2695,0.034141,0.068282,False,0.0135,0.4924
volume,baseline_declining,ach,M1,cortical,62,0.1438,0.264783,0.31774,False,-0.1175,0.3865
volume,baseline_declining,ach,A4B2,cortical,62,0.3418,0.006541,0.019623,True,0.0931,0.5504
volume,baseline_declining,ach,VAChT,subcortical,19,0.7211,0.000495,0.002968,True,0.3843,0.8885
volume,baseline_declining,ach,M1,subcortical,19,0.4193,0.073937,0.110905,False,-0.0578,0.7405
volume,baseline_declining,ach,A4B2,subcortical,19,0.1298,0.596303,0.596303,False,-0.3576,0.5617
volume,baseline_declining,gaba,GABAa-bz,cortical,62,0.5492,4e-06,1.5e-05,True,0.3403,0.7065
volume,baseline_declining,gaba,GABAa,cortical,62,0.1716,0.182297,0.271697,False,-0.0893,0.4104
volume,baseline_declining,gaba,GABAa-bz,subcortical,19,0.0053,0.982939,0.982939,False,-0.4617,0.4699
volume,baseline_declining,gaba,GABAa,subcortical,19,-0.3053,0.203773,0.271697,False,-0.6751,0.1871
volume,baseline_declining,serotonin,5HT1a,cortical,62,-0.5523,3e-06,2e-05,True,-0.7087,-0.3442
volume,baseline_declining,serotonin,5HT1b,cortical,62,0.575,1e-06,1.2e-05,True,0.3732,0.7248
volume,baseline_declining,serotonin,5HT2a,cortical,62,-0.0414,0.74951,0.74951,False,-0.2952,0.2179
volume,baseline_declining,serotonin,5HT4,cortical,62,-0.418,0.000724,0.002894,True,-0.6095,-0.1804
volume,baseline_declining,serotonin,5HT6,cortical,62,0.309,0.014553,0.026875,True,0.0565,0.5243
volume,baseline_declining,serotonin,5HTT,cortical,62,0.2214,0.083709,0.111612,False,-0.0376,0.4526
volume,baseline_declining,serotonin,5HT1a,subcortical,19,-0.5456,0.015677,0.026875,True,-0.8065,-0.107
volume,baseline_declining,serotonin,5HT1b,subcortical,19,0.4298,0.066251,0.099376,False,-0.045,0.7462
volume,baseline_declining,serotonin,5HT2a,subcortical,19,-0.2,0.411681,0.449107,False,-0.6091,0.2931
volume,baseline_declining,serotonin,5HT4,subcortical,19,0.5684,0.011107,0.026656,True,0.1396,0.8177
volume,baseline_declining,serotonin,5HT6,subcortical,19,0.586,0.008379,0.025137,True,0.1653,0.8262
volume,baseline_declining,serotonin,5HTT,subcortical,19,0.3561,0.134506,0.161407,False,-0.1315,0.705
volume,baseline_declining,glutamate,mGluR5,cortical,62,0.2016,0.116153,0.154871,False,-0.0584,0.4359
volume,baseline_declining,glutamate,NMDA,cortical,62,0.2541,0.046306,0.14003,False,-0.0031,0.4797
volume,baseline_declining,glutamate,mGluR5,subcortical,19,0.4246,0.070015,0.14003,False,-0.0514,0.7434
volume,baseline_declining,glutamate,NMDA,subcortical,19,0.3351,0.160799,0.160799,False,-0.1549,0.6928
thickness,delta_all,dopamine,D1,cortical,62,-0.048,0.710903,0.710903,False,-0.3012,0.2115
thickness,delta_all,dopamine,D2,cortical,62,-0.5526,3e-06,1e-05,True,-0.7089,-0.3446
thickness,delta_all,dopamine,DAT,cortical,62,-0.0643,0.619592,0.710903,False,-0.316,0.1959
thickness,delta_all,ach,VAChT,cortical,62,0.1428,0.26818,0.38169,False,-0.1185,0.3856
thickness,delta_all,ach,M1,cortical,62,0.113,0.38169,0.38169,False,-0.1482,0.3595
thickness,delta_all,ach,A4B2,cortical,62,0.1756,0.172215,0.38169,False,-0.0852,0.4139
thickness,delta_all,gaba,GABAa-bz,cortical,62,0.5191,1.5e-05,3.1e-05,True,0.3025,0.6847
thickness,delta_all,gaba,GABAa,cortical,62,0.0799,0.537271,0.537271,False,-0.1808,0.33
thickness,delta_all,serotonin,5HT1a,cortical,62,-0.6668,0.0,0.0,True,-0.7886,-0.4946
thickness,delta_all,serotonin,5HT1b,cortical,62,0.4076,0.001008,0.002015,True,0.1683,0.6016
thickness,delta_all,serotonin,5HT2a,cortical,62,-0.1756,0.172215,0.172215,False,-0.4139,0.0852
thickness,delta_all,serotonin,5HT4,cortical,62,-0.4417,0.000326,0.000978,True,-0.6274,-0.2084
thickness,delta_all,serotonin,5HT6,cortical,62,0.1788,0.164471,0.172215,False,-0.0819,0.4166
thickness,delta_all,serotonin,5HTT,cortical,62,0.188,0.14343,0.172215,False,-0.0724,0.4244
thickness,delta_all,glutamate,mGluR5,cortical,62,0.0557,0.66733,0.66733,False,-0.2042,0.3082
thickness,delta_all,glutamate,NMDA,cortical,62,0.2413,0.058824,0.117649,False,-0.0166,0.4692
thickness,delta_declining,dopamine,D1,cortical,62,0.0076,0.953065,0.953065,False,-0.2498,0.264
thickness,delta_declining,dopamine,D2,cortical,62,-0.5437,5e-06,1.5e-05,True,-0.7025,-0.3333
thickness,delta_declining,dopamine,DAT,cortical,62,-0.0138,0.915069,0.953065,False,-0.2698,0.244
thickness,delta_declining,ach,VAChT,cortical,62,0.2646,0.037658,0.062143,False,0.0083,0.4884
thickness,delta_declining,ach,M1,cortical,62,0.199,0.121071,0.121071,False,-0.0611,0.4337
thickness,delta_declining,ach,A4B2,cortical,62,0.2598,0.041429,0.062143,False,0.0031,0.4844
thickness,delta_declining,gaba,GABAa-bz,cortical,62,0.4481,0.00026,0.000521,True,0.216,0.6322
thickness,delta_declining,gaba,GABAa,cortical,62,0.096,0.457855,0.457855,False,-0.165,0.3445
thickness,delta_declining,serotonin,5HT1a,cortical,62,-0.6321,0.0,0.0,True,-0.7648,-0.448
thickness,delta_declining,serotonin,5HT1b,cortical,62,0.4443,0.000297,0.000594,True,0.2116,0.6294
thickness,delta_declining,serotonin,5HT2a,cortical,62,-0.1381,0.284531,0.284531,False,-0.3815,0.1232
thickness,delta_declining,serotonin,5HT4,cortical,62,-0.5132,2e-05,6e-05,True,-0.6804,-0.2952
thickness,delta_declining,serotonin,5HT6,cortical,62,0.1739,0.176376,0.263063,False,-0.0869,0.4124
thickness,delta_declining,serotonin,5HTT,cortical,62,0.1583,0.219219,0.263063,False,-0.1028,0.399
thickness,delta_declining,glutamate,mGluR5,cortical,62,0.0985,0.446091,0.446091,False,-0.1625,0.3467
thickness,delta_declining,glutamate,NMDA,cortical,62,0.3538,0.00479,0.00958,True,0.1065,0.5598
thickness,baseline_all,dopamine,D1,cortical,62,-0.0805,0.533929,0.609457,False,-0.3306,0.1802
thickness,baseline_all,dopamine,D2,cortical,62,-0.3344,0.007889,0.023667,True,-0.5446,-0.0848
thickness,baseline_all,dopamine,DAT,cortical,62,0.0662,0.609457,0.609457,False,-0.1941,0.3177
thickness,baseline_all,ach,VAChT,cortical,62,0.1414,0.272811,0.586987,False,-0.1198,0.3844
thickness,baseline_all,ach,M1,cortical,62,0.0703,0.586987,0.586987,False,-0.19,0.3215
thickness,baseline_all,ach,A4B2,cortical,62,0.0861,0.505814,0.586987,False,-0.1747,0.3356
thickness,baseline_all,gaba,GABAa-bz,cortical,62,0.2668,0.036063,0.072126,False,0.0106,0.4901
thickness,baseline_all,gaba,GABAa,cortical,62,0.1093,0.397683,0.397683,False,-0.1519,0.3562
thickness,baseline_all,serotonin,5HT1a,cortical,62,-0.4479,0.000262,0.000785,True,-0.6321,-0.2158
thickness,baseline_all,serotonin,5HT1b,cortical,62,0.2396,0.060754,0.072905,False,-0.0185,0.4677
thickness,baseline_all,serotonin,5HT2a,cortical,62,-0.2493,0.050723,0.072905,False,-0.4757,0.0082
thickness,baseline_all,serotonin,5HT4,cortical,62,-0.5984,0.0,2e-06,True,-0.7414,-0.4036
thickness,baseline_all,serotonin,5HT6,cortical,62,0.0935,0.469786,0.469786,False,-0.1675,0.3422
thickness,baseline_all,serotonin,5HTT,cortical,62,0.2612,0.040298,0.072905,False,0.0046,0.4856
thickness,baseline_all,glutamate,mGluR5,cortical,62,-0.1445,0.262591,0.262591,False,-0.387,0.1168
thickness,baseline_all,glutamate,NMDA,cortical,62,0.2049,0.110133,0.220266,False,-0.0549,0.4387
thickness,baseline_declining,dopamine,D1,cortical,62,-0.0326,0.801637,0.944094,False,-0.2871,0.2263
thickness,baseline_declining,dopamine,D2,cortical,62,-0.3207,0.011032,0.033097,True,-0.5337,-0.0695
thickness,baseline_declining,dopamine,DAT,cortical,62,-0.0091,0.944094,0.944094,False,-0.2654,0.2484
thickness,baseline_declining,ach,VAChT,cortical,62,0.1997,0.119636,0.179454,False,-0.0603,0.4344
thickness,baseline_declining,ach,M1,cortical,62,0.1693,0.18836,0.18836,False,-0.0916,0.4085
thickness,baseline_declining,ach,A4B2,cortical,62,0.2893,0.022565,0.067694,False,0.035,0.5085
thickness,baseline_declining,gaba,GABAa-bz,cortical,62,0.3551,0.004619,0.009239,True,0.1081,0.5609
thickness,baseline_declining,gaba,GABAa,cortical,62,0.1203,0.351694,0.351694,False,-0.141,0.3659
thickness,baseline_declining,serotonin,5HT1a,cortical,62,-0.4612,0.000162,0.000719,True,-0.642,-0.2317
thickness,baseline_declining,serotonin,5HT1b,cortical,62,0.4388,0.00036,0.000719,True,0.205,0.6253
thickness,baseline_declining,serotonin,5HT2a,cortical,62,-0.099,0.443759,0.443759,False,-0.3471,0.162
thickness,baseline_declining,serotonin,5HT4,cortical,62,-0.4468,0.000272,0.000719,True,-0.6313,-0.2145
thickness,baseline_declining,serotonin,5HT6,cortical,62,0.2204,0.085162,0.127743,False,-0.0387,0.4518
thickness,baseline_declining,serotonin,5HTT,cortical,62,0.1742,0.175614,0.210737,False,-0.0866,0.4127
thickness,baseline_declining,glutamate,mGluR5,cortical,62,0.0652,0.614653,0.614653,False,-0.195,0.3168
thickness,baseline_declining,glutamate,NMDA,cortical,62,0.1552,0.228258,0.456517,False,-0.1059,0.3964
