biomarker,correlation_type,neurotransmitter,receptor,region_type,n,rho,pvalue,pvalue_fdr,sig_fdr,ci_lower_95,ci_upper_95,rho_spin_observed,p_spin,n_spin_regions,n_spin_lh,n_spin_rh,n_spins,spin_error,q_spin_fdr,spin_fdr_significant,spin_significant
fdg,delta_all,dopamine,D1,cortical,62,-0.1764,0.1701,0.402108,False,-0.4146,0.0843,-0.1764498501674599,0.3196803196803197,62,31,31,1000,,0.713952713952714,False,False
fdg,delta_all,dopamine,D2,cortical,62,-0.0717,0.579759,0.579759,False,-0.3227,0.1887,-0.07169298179345773,0.6343656343656343,62,31,31,1000,,0.905050505050505,False,False
fdg,delta_all,dopamine,DAT,cortical,62,0.1172,0.364426,0.494017,False,-0.1441,0.3632,0.11717156455390194,0.4565434565434565,62,31,31,1000,,0.8289015948590416,False,False
fdg,delta_all,ach,VAChT,cortical,62,0.162,0.208277,0.64467,False,-0.099,0.4022,0.16204578076603462,0.34165834165834164,62,31,31,1000,,0.7169224218404546,False,False
fdg,delta_all,ach,M1,cortical,62,-0.0471,0.716127,0.859353,False,-0.3004,0.2124,-0.047115408828787994,0.7772227772227772,62,31,31,1000,,0.9596498739355882,False,False
fdg,delta_all,ach,A4B2,cortical,62,-0.0188,0.88462,0.88462,False,-0.2744,0.2393,-0.018810908816197024,0.8871128871128872,62,31,31,1000,,0.9796817355872474,False,False
fdg,delta_all,gaba,GABAa-bz,cortical,62,-0.0997,0.440737,0.587649,False,-0.3477,0.1614,-0.09969529853189292,0.6173826173826173,62,31,31,1000,,0.905050505050505,False,False
fdg,delta_all,gaba,GABAa,cortical,62,-0.0481,0.710323,0.710323,False,-0.3013,0.2114,-0.048122686409307246,0.7822177822177823,62,31,31,1000,,0.9596498739355882,False,False
fdg,delta_all,serotonin,5HT1a,cortical,62,-0.0747,0.564108,0.620288,False,-0.3254,0.1858,-0.07466445065598953,0.6163836163836164,62,31,31,1000,,0.905050505050505,False,False
fdg,delta_all,serotonin,5HT1b,cortical,62,-0.0738,0.568598,0.620288,False,-0.3246,0.1867,-0.07380826471254816,0.6363636363636364,62,31,31,1000,,0.905050505050505,False,False
fdg,delta_all,serotonin,5HT2a,cortical,62,-0.2639,0.038189,0.114567,False,-0.4878,-0.0075,-0.2639319080355569,0.0939060939060939,62,31,31,1000,,0.3338883338883339,False,False
fdg,delta_all,serotonin,5HT4,cortical,62,-0.4418,0.000325,0.0039,True,-0.6275,-0.2085,-0.4417667648762308,0.012987012987012988,62,31,31,1000,,0.11873840445269017,False,True
fdg,delta_all,serotonin,5HT6,cortical,62,0.0089,0.945331,0.945331,False,-0.2486,0.2652,0.008889224648082396,0.955044955044955,62,31,31,1000,,0.9796817355872474,False,False
fdg,delta_all,serotonin,5HTT,cortical,62,0.3729,0.002839,0.011356,True,0.1282,0.5747,0.37286897836871397,0.030969030969030968,62,31,31,1000,,0.1686823814483389,False,True
fdg,delta_all,glutamate,mGluR5,cortical,62,-0.3344,0.007889,0.031556,True,-0.5446,-0.0848,-0.3344413386719045,0.03396603396603397,62,31,31,1000,,0.18115218115218115,False,True
fdg,delta_all,glutamate,NMDA,cortical,62,0.098,0.44843,0.597907,False,-0.163,0.3462,0.09803329052403616,0.5874125874125874,62,31,31,1000,,0.905050505050505,False,False
fdg,delta_declining,dopamine,D1,cortical,62,0.0008,0.995195,0.995195,False,-0.2562,0.2577,0.00078064012490242,0.997002997002997,62,31,31,1000,,0.997002997002997,False,False
fdg,delta_declining,dopamine,D2,cortical,62,0.0585,0.651259,0.995195,False,-0.2014,0.3108,0.0585480093676815,0.7342657342657343,62,31,31,1000,,0.9497236431909799,False,False
fdg,delta_declining,dopamine,DAT,cortical,62,0.2789,0.02816,0.168962,False,0.0237,0.5,0.27888998010626775,0.0899100899100899,62,31,31,1000,,0.3335794640142466,False,False
fdg,delta_declining,ach,VAChT,cortical,62,0.2565,0.044198,0.265189,False,-0.0005,0.4817,0.25647805393971446,0.0939060939060939,62,31,31,1000,,0.3338883338883339,False,False
fdg,delta_declining,ach,M1,cortical,62,0.0159,0.902441,0.902441,False,-0.242,0.2717,0.015889803832691195,0.8971028971028971,62,31,31,1000,,0.9796817355872474,False,False
fdg,delta_declining,ach,A4B2,cortical,62,-0.0162,0.900288,0.902441,False,-0.272,0.2417,-0.016242350985872935,0.916083916083916,62,31,31,1000,,0.9796817355872474,False,False
fdg,delta_declining,gaba,GABAa-bz,cortical,62,-0.056,0.665348,0.90353,False,-0.3085,0.2038,-0.05602981541638337,0.7382617382617382,62,31,31,1000,,0.9497236431909799,False,False
fdg,delta_declining,gaba,GABAa,cortical,62,0.0284,0.82668,0.90353,False,-0.2302,0.2832,0.028380045831129914,0.8581418581418582,62,31,31,1000,,0.972054494178388,False,False
fdg,delta_declining,serotonin,5HT1a,cortical,62,0.0215,0.868078,0.977254,False,-0.2367,0.2769,0.021530558283599007,0.8971028971028971,62,31,31,1000,,0.9796817355872474,False,False
fdg,delta_declining,serotonin,5HT1b,cortical,62,-0.015,0.907675,0.977254,False,-0.2709,0.2428,-0.015033617889249833,0.913086913086913,62,31,31,1000,,0.9796817355872474,False,False
fdg,delta_declining,serotonin,5HT2a,cortical,62,-0.2788,0.02819,0.11276,False,-0.5,-0.0236,-0.27883961622724185,0.055944055944055944,62,31,31,1000,,0.25125751441540917,False,False
fdg,delta_declining,serotonin,5HT4,cortical,62,-0.3225,0.010588,0.063528,False,-0.5351,-0.0714,-0.32245473546372544,0.04895104895104895,62,31,31,1000,,0.23206423206423207,False,True
fdg,delta_declining,serotonin,5HT6,cortical,62,0.095,0.462607,0.925215,False,-0.166,0.3436,0.09501145778247841,0.5174825174825175,62,31,31,1000,,0.873232031126768,False,False
fdg,delta_declining,serotonin,5HTT,cortical,62,0.4761,9.2e-05,0.001103,True,0.2497,0.6531,0.4760645664929113,0.003996003996003996,62,31,31,1000,,0.06393606393606394,False,True
fdg,delta_declining,glutamate,mGluR5,cortical,62,-0.2163,0.091249,0.182498,False,-0.4483,0.043,-0.21633804235602228,0.11488511488511488,62,31,31,1000,,0.38698143961301856,False,False
fdg,delta_declining,glutamate,NMDA,cortical,62,0.2242,0.079746,0.182498,False,-0.0347,0.455,0.22424517136309835,0.15784215784215785,62,31,31,1000,,0.45401789222013944,False,False
fdg,baseline_all,dopamine,D1,cortical,62,-0.3986,0.001333,0.002665,True,-0.5946,-0.1578,-0.3986049205509809,0.07892107892107893,62,31,31,1000,,0.3015491970715852,False,False
fdg,baseline_all,dopamine,D2,cortical,62,-0.674,0.0,0.0,True,-0.7935,-0.5045,-0.6740449749439702,0.008991008991008992,62,31,31,1000,,0.1041921041921042,False,True
fdg,baseline_all,dopamine,DAT,cortical,62,-0.5455,5e-06,1.4e-05,True,-0.7038,-0.3356,-0.5455163556697137,0.029970029970029972,62,31,31,1000,,0.16678973200712333,False,True
fdg,baseline_all,ach,VAChT,cortical,62,-0.0847,0.512582,0.512582,False,-0.3344,0.176,-0.08473722646118205,0.7662337662337663,62,31,31,1000,,0.9534543126776136,False,False
fdg,baseline_all,ach,M1,cortical,62,0.2721,0.032404,0.060741,False,0.0163,0.4945,0.2720908564377629,0.23876123876123875,62,31,31,1000,,0.5934259914842439,False,False
fdg,baseline_all,ach,A4B2,cortical,62,0.367,0.003343,0.020057,True,0.1216,0.5702,0.3670267684017023,0.24475524475524477,62,31,31,1000,,0.5983450511752398,False,False
fdg,baseline_all,gaba,GABAa-bz,cortical,62,0.2641,0.038037,0.152146,False,0.0077,0.488,0.2641333635516608,0.21978021978021978,62,31,31,1000,,0.5683205683205683,False,False
fdg,baseline_all,gaba,GABAa,cortical,62,0.0603,0.641747,0.855663,False,-0.1998,0.3124,0.060260381254564226,0.7672327672327672,62,31,31,1000,,0.9534543126776136,False,False
fdg,baseline_all,serotonin,5HT1a,cortical,62,-0.7304,0.0,0.0,True,-0.8313,-0.5829,-0.7304021555740224,0.000999000999000999,62,31,31,1000,,0.042624042624042624,True,True
fdg,baseline_all,serotonin,5HT1b,cortical,62,0.632,0.0,0.0,True,0.4478,0.7647,0.6319911359572915,0.01098901098901099,62,31,31,1000,,0.1041921041921042,False,True
fdg,baseline_all,serotonin,5HT2a,cortical,62,0.2462,0.053735,0.092118,False,-0.0115,0.4732,0.24620382261841806,0.3086913086913087,62,31,31,1000,,0.6993360621679205,False,False
fdg,baseline_all,serotonin,5HT4,cortical,62,-0.4481,0.00026,0.001041,True,-0.6322,-0.216,-0.4480622497544761,0.04295704295704296,62,31,31,1000,,0.21562750974515682,False,True
fdg,baseline_all,serotonin,5HT6,cortical,62,0.2604,0.040941,0.081882,False,0.0037,0.4849,0.2604064365037395,0.2967032967032967,62,31,31,1000,,0.6842886842886843,False,False
fdg,baseline_all,serotonin,5HTT,cortical,62,-0.3689,0.00317,0.009509,True,-0.5717,-0.1237,-0.36894059580468885,0.15284715284715283,62,31,31,1000,,0.44975713941231177,False,False
fdg,baseline_all,glutamate,mGluR5,cortical,62,-0.0061,0.962661,0.962661,False,-0.2626,0.2513,-0.006068847422628491,0.984015984015984,62,31,31,1000,,0.9878748702278114,False,False
fdg,baseline_all,glutamate,NMDA,cortical,62,-0.0265,0.837901,0.962661,False,-0.2815,0.232,-0.026516582307169297,0.8921078921078921,62,31,31,1000,,0.9796817355872474,False,False
fdg,baseline_declining,dopamine,D1,cortical,62,-0.4056,0.001073,0.002147,True,-0.6,-0.166,-0.4056054997355896,0.061938061938061936,62,31,31,1000,,0.2687482009515908,False,False
fdg,baseline_declining,dopamine,D2,cortical,62,-0.6741,0.0,0.0,True,-0.7936,-0.5045,-0.6740953388229961,0.003996003996003996,62,31,31,1000,,0.06393606393606394,False,True
fdg,baseline_declining,dopamine,DAT,cortical,62,-0.5248,1.2e-05,3.6e-05,True,-0.6889,-0.3096,-0.524816801390043,0.029970029970029972,62,31,31,1000,,0.16678973200712333,False,True
fdg,baseline_declining,ach,VAChT,cortical,62,-0.0232,0.857996,0.857996,False,-0.2785,0.2351,-0.023192566291455767,0.922077922077922,62,31,31,1000,,0.9796817355872474,False,False
fdg,baseline_declining,ach,M1,cortical,62,0.2568,0.043897,0.065846,False,-0.0001,0.482,0.2568306010928962,0.24775224775224775,62,31,31,1000,,0.5983450511752398,False,False
fdg,baseline_declining,ach,A4B2,cortical,62,0.3758,0.002609,0.015657,True,0.1316,0.577,0.37584044723124577,0.22777222777222778,62,31,31,1000,,0.5773236664325774,False,False
fdg,baseline_declining,gaba,GABAa-bz,cortical,62,0.2263,0.076939,0.241291,False,-0.0325,0.4567,0.22631009040316286,0.2777222777222777,62,31,31,1000,,0.6522651660266339,False,False
fdg,baseline_declining,gaba,GABAa,cortical,62,0.026,0.841244,0.886603,False,-0.2325,0.281,0.025962579637883714,0.8951048951048951,62,31,31,1000,,0.9796817355872474,False,False
fdg,baseline_declining,serotonin,5HT1a,cortical,62,-0.7336,0.0,0.0,True,-0.8335,-0.5874,-0.7336254438316839,0.000999000999000999,62,31,31,1000,,0.042624042624042624,True,True
fdg,baseline_declining,serotonin,5HT1b,cortical,62,0.611,0.0,1e-06,True,0.4201,0.7502,0.611039762282491,0.013986013986013986,62,31,31,1000,,0.11934731934731935,False,True
fdg,baseline_declining,serotonin,5HT2a,cortical,62,0.1864,0.146956,0.251925,False,-0.0741,0.423,0.18637153433557452,0.44455544455544455,62,31,31,1000,,0.8289015948590416,False,False
fdg,baseline_declining,serotonin,5HT4,cortical,62,-0.5008,3.4e-05,0.000136,True,-0.6713,-0.2799,-0.5007932310946589,0.013986013986013986,62,31,31,1000,,0.11934731934731935,False,True
fdg,baseline_declining,serotonin,5HT6,cortical,62,0.2333,0.068004,0.136008,False,-0.0251,0.4625,0.23331066958777166,0.3336663336663337,62,31,31,1000,,0.713952713952714,False,False
fdg,baseline_declining,serotonin,5HTT,cortical,62,-0.325,0.009963,0.029888,True,-0.5371,-0.0742,-0.32497292941502354,0.2077922077922078,62,31,31,1000,,0.5541125541125541,False,False
fdg,baseline_declining,glutamate,mGluR5,cortical,62,-0.0272,0.833955,0.945331,False,-0.2821,0.2314,-0.027171312734506813,0.9150849150849151,62,31,31,1000,,0.9796817355872474,False,False
fdg,baseline_declining,glutamate,NMDA,cortical,62,-0.0089,0.945331,0.945331,False,-0.2652,0.2486,-0.008889224648082396,0.9630369630369631,62,31,31,1000,,0.9796817355872474,False,False
t1t2,delta_all,dopamine,D1,cortical,62,-0.3821,0.002177,0.004354,True,-0.5819,-0.1388,-0.3821359321094911,0.13186813186813187,62,31,31,1000,,0.421978021978022,False,False
t1t2,delta_all,dopamine,D2,cortical,62,-0.5843,1e-06,4e-06,True,-0.7315,-0.3853,-0.5843469063987309,0.07092907092907093,62,31,31,1000,,0.2882197167911454,False,False
t1t2,delta_all,dopamine,DAT,cortical,62,-0.5066,2.7e-05,8e-05,True,-0.6756,-0.287,-0.5065850771826447,0.07092907092907093,62,31,31,1000,,0.2882197167911454,False,False
t1t2,delta_all,ach,VAChT,cortical,62,-0.0636,0.62317,0.62317,False,-0.3154,0.1965,-0.06363476114930372,0.8241758241758241,62,31,31,1000,,0.972054494178388,False,False
t1t2,delta_all,ach,M1,cortical,62,0.1468,0.254933,0.30592,False,-0.1145,0.389,0.14678552542116793,0.5994005994005994,62,31,31,1000,,0.905050505050505,False,False
t1t2,delta_all,ach,A4B2,cortical,62,0.2314,0.07036,0.156537,False,-0.0271,0.4609,0.2313968421847851,0.6013986013986014,62,31,31,1000,,0.905050505050505,False,False
t1t2,delta_all,gaba,GABAa-bz,cortical,62,0.2543,0.046083,0.184332,False,-0.0028,0.4799,0.25431240714159803,0.18981018981018982,62,31,31,1000,,0.5224882644237483,False,False
t1t2,delta_all,gaba,GABAa,cortical,62,-0.0409,0.752166,0.937498,False,-0.2948,0.2183,-0.040920651708594595,0.8151848151848152,62,31,31,1000,,0.9718281718281718,False,False
t1t2,delta_all,serotonin,5HT1a,cortical,62,-0.6464,0.0,0.0,True,-0.7747,-0.4671,-0.6464455692377427,0.02197802197802198,62,31,31,1000,,0.1562881562881563,False,True
t1t2,delta_all,serotonin,5HT1b,cortical,62,0.4944,4.4e-05,0.000265,True,0.2721,0.6667,0.4944473823373876,0.07692307692307693,62,31,31,1000,,0.3015491970715852,False,False
t1t2,delta_all,serotonin,5HT2a,cortical,62,-0.0168,0.896597,0.896597,False,-0.2726,0.2411,-0.016846717534184482,0.939060939060939,62,31,31,1000,,0.9796817355872474,False,False
t1t2,delta_all,serotonin,5HT4,cortical,62,-0.3739,0.002759,0.011037,True,-0.5755,-0.1294,-0.37387625594923324,0.08391608391608392,62,31,31,1000,,0.31591937474290416,False,False
t1t2,delta_all,serotonin,5HT6,cortical,62,0.1893,0.140504,0.187339,False,-0.071,0.4256,0.18934300319810632,0.5064935064935064,62,31,31,1000,,0.8644155844155843,False,False
t1t2,delta_all,serotonin,5HTT,cortical,62,-0.3605,0.003995,0.011986,True,-0.5651,-0.1142,-0.36052982800735317,0.23076923076923078,62,31,31,1000,,0.579185520361991,False,False
t1t2,delta_all,glutamate,mGluR5,cortical,62,0.097,0.453129,0.604172,False,-0.164,0.3453,0.09702601294351691,0.7102897102897103,62,31,31,1000,,0.9483849483849484,False,False
t1t2,delta_all,glutamate,NMDA,cortical,62,-0.0195,0.880326,0.880326,False,-0.2751,0.2386,-0.0195160031225605,0.9270729270729271,62,31,31,1000,,0.9796817355872474,False,False
t1t2,delta_declining,dopamine,D1,cortical,62,-0.3339,0.007989,0.010055,True,-0.5442,-0.0842,-0.3339376998816449,0.14685314685314685,62,31,31,1000,,0.44755244755244755,False,False
t1t2,delta_declining,dopamine,D2,cortical,62,-0.481,7.6e-05,0.000227,True,-0.6568,-0.2557,-0.4810002266374557,0.052947052947052944,62,31,31,1000,,0.24204367061509918,False,False
t1t2,delta_declining,dopamine,DAT,cortical,62,-0.4829,7e-05,0.000227,True,-0.6581,-0.2579,-0.4828636901614162,0.026973026973026972,62,31,31,1000,,0.16440702154987868,False,True
t1t2,delta_declining,ach,VAChT,cortical,62,-0.2434,0.056575,0.169725,False,-0.4709,0.0144,-0.24343380927199013,0.33466533466533466,62,31,31,1000,,0.713952713952714,False,False
t1t2,delta_declining,ach,M1,cortical,62,0.1295,0.315931,0.454544,False,-0.1319,0.374,0.12946035103623682,0.5794205794205795,62,31,31,1000,,0.905050505050505,False,False
t1t2,delta_declining,ach,A4B2,cortical,62,0.0967,0.454544,0.454544,False,-0.1643,0.3451,0.09672382966936113,0.7612387612387612,62,31,31,1000,,0.9534543126776136,False,False
t1t2,delta_declining,gaba,GABAa-bz,cortical,62,0.2156,0.092413,0.369652,False,-0.0438,0.4477,0.2155825841706328,0.35864135864135865,62,31,31,1000,,0.7344975024975026,False,False
t1t2,delta_declining,gaba,GABAa,cortical,62,0.0122,0.925248,0.925248,False,-0.2455,0.2683,0.012162876784769962,0.945054945054945,62,31,31,1000,,0.9796817355872474,False,False
t1t2,delta_declining,serotonin,5HT1a,cortical,62,-0.5913,0.0,5e-06,True,-0.7364,-0.3943,-0.5912971217043137,0.007992007992007992,62,31,31,1000,,0.1022977022977023,False,True
t1t2,delta_declining,serotonin,5HT1b,cortical,62,0.4583,0.00018,0.001079,True,0.2282,0.6399,0.4582861171967465,0.05094905094905095,62,31,31,1000,,0.2371446735083099,False,False
t1t2,delta_declining,serotonin,5HT2a,cortical,62,-0.0351,0.786645,0.786645,False,-0.2894,0.2239,-0.03507844174158294,0.8521478521478522,62,31,31,1000,,0.972054494178388,False,False
t1t2,delta_declining,serotonin,5HT4,cortical,62,-0.2857,0.024393,0.048787,True,-0.5055,-0.031,-0.2856891037747728,0.15684315684315683,62,31,31,1000,,0.45401789222013944,False,False
t1t2,delta_declining,serotonin,5HT6,cortical,62,0.0855,0.508817,0.61058,False,-0.1753,0.3351,0.08549268464657149,0.7272727272727273,62,31,31,1000,,0.9497236431909799,False,False
t1t2,delta_declining,serotonin,5HTT,cortical,62,-0.3901,0.00172,0.006601,True,-0.5881,-0.1481,-0.39014378887461915,0.0999000999000999,62,31,31,1000,,0.3444022644022644,False,False
t1t2,delta_declining,glutamate,mGluR5,cortical,62,0.033,0.798933,0.798933,False,-0.2258,0.2875,0.03301352270151847,0.8861138861138861,62,31,31,1000,,0.9796817355872474,False,False
t1t2,delta_declining,glutamate,NMDA,cortical,62,-0.0705,0.586182,0.781576,False,-0.3216,0.1899,-0.07048424869683463,0.7542457542457542,62,31,31,1000,,0.9534543126776136,False,False
t1t2,baseline_all,dopamine,D1,cortical,62,-0.1524,0.236926,0.355388,False,-0.3939,0.1088,-0.15242627987207574,0.6723276723276723,62,31,31,1000,,0.920405797411145,False,False
t1t2,baseline_all,dopamine,D2,cortical,62,-0.374,0.002747,0.016484,True,-0.5756,-0.1295,-0.3740273475863111,0.4975024975024975,62,31,31,1000,,0.8605448605448605,False,False
t1t2,baseline_all,dopamine,DAT,cortical,62,0.0278,0.830013,0.830013,False,-0.2308,0.2827,0.027826043161844324,0.9400599400599401,62,31,31,1000,,0.9796817355872474,False,False
t1t2,baseline_all,ach,VAChT,cortical,62,-0.2548,0.045683,0.091366,False,-0.4803,0.0023,-0.25476568205283173,0.45454545454545453,62,31,31,1000,,0.8289015948590416,False,False
t1t2,baseline_all,ach,M1,cortical,62,-0.2816,0.026627,0.079881,False,-0.5022,-0.0265,-0.2815592656946438,0.4175824175824176,62,31,31,1000,,0.7977693947843202,False,False
t1t2,baseline_all,ach,A4B2,cortical,62,-0.5159,1.8e-05,0.000106,True,-0.6824,-0.2985,-0.5159023948024477,0.21178821178821178,62,31,31,1000,,0.5589462084307445,False,False
t1t2,baseline_all,gaba,GABAa-bz,cortical,62,-0.0147,0.909522,0.909522,False,-0.2706,0.2431,-0.014731434615094055,0.948051948051948,62,31,31,1000,,0.9796817355872474,False,False
t1t2,baseline_all,gaba,GABAa,cortical,62,0.0384,0.766973,0.909522,False,-0.2207,0.2924,0.03840245775729646,0.8381618381618382,62,31,31,1000,,0.972054494178388,False,False
t1t2,baseline_all,serotonin,5HT1a,cortical,62,-0.3325,0.008285,0.019885,True,-0.543,-0.0826,-0.332477147389892,0.5774225774225774,62,31,31,1000,,0.905050505050505,False,False
t1t2,baseline_all,serotonin,5HT1b,cortical,62,-0.3502,0.005272,0.019885,True,-0.557,-0.1024,-0.35015486892800485,0.42157842157842157,62,31,31,1000,,0.7994375994375994,False,False
t1t2,baseline_all,serotonin,5HT2a,cortical,62,-0.2956,0.019687,0.03375,True,-0.5135,-0.0418,-0.2955604240638614,0.36563436563436563,62,31,31,1000,,0.7370267527747842,False,False
t1t2,baseline_all,serotonin,5HT4,cortical,62,-0.5753,1e-06,1.2e-05,True,-0.7251,-0.3736,-0.5753317720530836,0.003996003996003996,62,31,31,1000,,0.06393606393606394,False,True
t1t2,baseline_all,serotonin,5HT6,cortical,62,-0.3192,0.011452,0.022903,True,-0.5324,-0.0678,-0.3191810833270379,0.3016983016983017,62,31,31,1000,,0.6895961181675467,False,False
t1t2,baseline_all,serotonin,5HTT,cortical,62,0.1314,0.308582,0.336635,False,-0.1299,0.3757,0.13142454231824935,0.7362637362637363,62,31,31,1000,,0.9497236431909799,False,False
t1t2,baseline_all,glutamate,mGluR5,cortical,62,-0.5511,3e-06,1.4e-05,True,-0.7078,-0.3426,-0.5510563823625696,0.016983016983016984,62,31,31,1000,,0.1242186385043528,False,True
t1t2,baseline_all,glutamate,NMDA,cortical,62,0.1079,0.403835,0.647207,False,-0.1533,0.355,0.10790461081312483,0.5854145854145855,62,31,31,1000,,0.905050505050505,False,False
t1t2,baseline_declining,dopamine,D1,cortical,62,-0.2606,0.040779,0.081559,False,-0.4851,-0.0039,-0.26060789201984336,0.44455544455544455,62,31,31,1000,,0.8289015948590416,False,False
t1t2,baseline_declining,dopamine,D2,cortical,62,-0.5875,1e-06,3e-06,True,-0.7337,-0.3894,-0.5875198307773665,0.15284715284715283,62,31,31,1000,,0.44975713941231177,False,False
t1t2,baseline_declining,dopamine,DAT,cortical,62,-0.2048,0.110312,0.140255,False,-0.4387,0.055,-0.20480471405907685,0.6333666333666333,62,31,31,1000,,0.905050505050505,False,False
t1t2,baseline_declining,ach,VAChT,cortical,62,-0.2611,0.040378,0.121134,False,-0.4855,-0.0045,-0.261111530810103,0.4805194805194805,62,31,31,1000,,0.8536566881394467,False,False
t1t2,baseline_declining,ach,M1,cortical,62,-0.2204,0.085162,0.141631,False,-0.4518,0.0387,-0.22041751655712524,0.5904095904095904,62,31,31,1000,,0.905050505050505,False,False
t1t2,baseline_declining,ach,A4B2,cortical,62,-0.3215,0.010821,0.064928,False,-0.5343,-0.0704,-0.3215481856412581,0.6113886113886113,62,31,31,1000,,0.905050505050505,False,False
t1t2,baseline_declining,gaba,GABAa-bz,cortical,62,0.1344,0.297675,0.3969,False,-0.1269,0.3783,0.13439601118078118,0.5524475524475524,62,31,31,1000,,0.9023429400787891,False,False
t1t2,baseline_declining,gaba,GABAa,cortical,62,0.0529,0.68298,0.68298,False,-0.2068,0.3057,0.05290725491677369,0.8031968031968032,62,31,31,1000,,0.9698980265018001,False,False
t1t2,baseline_declining,serotonin,5HT1a,cortical,62,-0.598,0.0,2e-06,True,-0.7411,-0.403,-0.5979955176147668,0.1838161838161838,62,31,31,1000,,0.5114885114885115,False,False
t1t2,baseline_declining,serotonin,5HT1b,cortical,62,-0.1031,0.425346,0.504143,False,-0.3507,0.158,-0.10306967842663242,0.8431568431568431,62,31,31,1000,,0.972054494178388,False,False
t1t2,baseline_declining,serotonin,5HT2a,cortical,62,-0.2065,0.107302,0.214605,False,-0.4401,0.0532,-0.20651708594595955,0.5594405594405595,62,31,31,1000,,0.9023429400787891,False,False
t1t2,baseline_declining,serotonin,5HT4,cortical,62,-0.6404,0.0,0.0,True,-0.7705,-0.459,-0.6404019037546271,0.000999000999000999,62,31,31,1000,,0.042624042624042624,True,True
t1t2,baseline_declining,serotonin,5HT6,cortical,62,-0.178,0.166413,0.24962,False,-0.4159,0.0828,-0.1779607665382388,0.6703296703296703,62,31,31,1000,,0.920405797411145,False,False
t1t2,baseline_declining,serotonin,5HTT,cortical,62,-0.0951,0.462131,0.504143,False,-0.3436,0.1659,-0.09511218554053033,0.8151848151848152,62,31,31,1000,,0.9718281718281718,False,False
t1t2,baseline_declining,glutamate,mGluR5,cortical,62,-0.4285,0.000511,0.002045,True,-0.6175,-0.1928,-0.4285210646924026,0.16583416583416583,62,31,31,1000,,0.4717060717060717,False,False
t1t2,baseline_declining,glutamate,NMDA,cortical,62,0.0957,0.459515,0.726397,False,-0.1653,0.3441,0.09566618820981591,0.6113886113886113,62,31,31,1000,,0.905050505050505,False,False
volume,delta_all,dopamine,D1,cortical,62,-0.0871,0.500831,0.500831,False,-0.3365,0.1737,-0.08710432877540228,0.7852147852147852,62,31,31,1000,,0.9596498739355882,False,False
volume,delta_all,dopamine,D2,cortical,62,-0.677,0.0,0.0,True,-0.7955,-0.5085,-0.676966079927476,0.016983016983016984,62,31,31,1000,,0.1242186385043528,False,True
volume,delta_all,dopamine,DAT,cortical,62,-0.1531,0.234738,0.327661,False,-0.3945,0.1081,-0.15313137417843922,0.6803196803196803,62,31,31,1000,,0.9214912072054928,False,False
volume,delta_all,ach,VAChT,cortical,62,-0.077,0.551784,0.827676,False,-0.3275,0.1835,-0.07703155297020976,0.7962037962037962,62,31,31,1000,,0.966010293024511,False,False
volume,delta_all,ach,M1,cortical,62,-0.0913,0.48018,0.827676,False,-0.3403,0.1696,-0.09133489461358313,0.7582417582417582,62,31,31,1000,,0.9534543126776136,False,False
volume,delta_all,ach,A4B2,cortical,62,0.0353,0.785449,0.926161,False,-0.2237,0.2896,0.035279897257686786,0.9440559440559441,62,31,31,1000,,0.9796817355872474,False,False
volume,delta_all,gaba,GABAa-bz,cortical,62,0.5516,3e-06,1.3e-05,True,0.3433,0.7082,0.5516103850318552,0.01098901098901099,62,31,31,1000,,0.1041921041921042,False,True
volume,delta_all,gaba,GABAa,cortical,62,0.1123,0.384686,0.384686,False,-0.1489,0.3589,0.11233663216740954,0.6333666333666333,62,31,31,1000,,0.905050505050505,False,False
volume,delta_all,serotonin,5HT1a,cortical,62,-0.7102,0.0,0.0,True,-0.8179,-0.5544,-0.7102062400846113,0.005994005994005994,62,31,31,1000,,0.08076134391923866,False,True
volume,delta_all,serotonin,5HT1b,cortical,62,0.3515,0.005093,0.020373,True,0.1039,0.558,0.3514643297826799,0.33766233766233766,62,31,31,1000,,0.7143930449715574,False,False
volume,delta_all,serotonin,5HT2a,cortical,62,-0.0976,0.450542,0.4915,False,-0.3458,0.1634,-0.0975800156128025,0.7382617382617382,62,31,31,1000,,0.9497236431909799,False,False
volume,delta_all,serotonin,5HT4,cortical,62,-0.3966,0.001417,0.008502,True,-0.5931,-0.1555,-0.39659036538994236,0.0979020979020979,62,31,31,1000,,0.3433279049717406,False,False
volume,delta_all,serotonin,5HT6,cortical,62,0.1238,0.337654,0.426415,False,-0.1375,0.369,0.123819596585329,0.7242757242757243,62,31,31,1000,,0.9497236431909799,False,False
volume,delta_all,serotonin,5HTT,cortical,62,-0.0162,0.900595,0.900595,False,-0.272,0.2417,-0.01619198710684697,0.9630369630369631,62,31,31,1000,,0.9796817355872474,False,False
volume,delta_all,glutamate,mGluR5,cortical,62,0.0231,0.858606,0.858606,False,-0.2352,0.2784,0.023091838533403845,0.949050949050949,62,31,31,1000,,0.9796817355872474,False,False
volume,delta_all,glutamate,NMDA,cortical,62,0.1828,0.154894,0.619577,False,-0.0777,0.42,0.18284606280375715,0.44755244755244755,62,31,31,1000,,0.8289015948590416,False,False
volume,delta_declining,dopamine,D1,cortical,62,-0.0457,0.724281,0.724281,False,-0.2991,0.2137,-0.04570522021606104,0.8561438561438561,62,31,31,1000,,0.972054494178388,False,False
volume,delta_declining,dopamine,D2,cortical,62,-0.6124,0.0,1e-06,True,-0.7512,-0.4219,-0.6124499508952179,0.004995004995004995,62,31,31,1000,,0.07104007104007104,False,True
volume,delta_declining,dopamine,DAT,cortical,62,-0.12,0.352914,0.423497,False,-0.3657,0.1413,-0.11999194177935585,0.6703296703296703,62,31,31,1000,,0.920405797411145,False,False
volume,delta_declining,ach,VAChT,cortical,62,0.0684,0.597499,0.726397,False,-0.1919,0.3197,0.0683689657777442,0.8161838161838162,62,31,31,1000,,0.9718281718281718,False,False
volume,delta_declining,ach,M1,cortical,62,0.0492,0.703957,0.726397,False,-0.2104,0.3023,0.049230691747878426,0.8541458541458542,62,31,31,1000,,0.972054494178388,False,False
volume,delta_declining,ach,A4B2,cortical,62,0.1875,0.144525,0.448342,False,-0.073,0.424,0.1874795396741457,0.6023976023976024,62,31,31,1000,,0.905050505050505,False,False
volume,delta_declining,gaba,GABAa-bz,cortical,62,0.4902,5.3e-05,0.00021,True,0.2668,0.6635,0.4901664526201809,0.023976023976023976,62,31,31,1000,,0.15984015984015984,False,True
volume,delta_declining,gaba,GABAa,cortical,62,0.082,0.52651,0.52651,False,-0.1787,0.3319,0.0819672131147541,0.7112887112887113,62,31,31,1000,,0.9483849483849484,False,False
volume,delta_declining,serotonin,5HT1a,cortical,62,-0.6561,0.0,0.0,True,-0.7813,-0.4801,-0.6560650701317016,0.000999000999000999,62,31,31,1000,,0.042624042624042624,True,True
volume,delta_declining,serotonin,5HT1b,cortical,62,0.4494,0.000248,0.001491,True,0.2176,0.6332,0.44937171060915115,0.0919080919080919,62,31,31,1000,,0.3338883338883339,False,False
volume,delta_declining,serotonin,5HT2a,cortical,62,-0.039,0.763708,0.833136,False,-0.293,0.2202,-0.03895646042658206,0.8721278721278721,62,31,31,1000,,0.9792312950207687,False,False
volume,delta_declining,serotonin,5HT4,cortical,62,-0.3421,0.006499,0.019496,True,-0.5506,-0.0934,-0.3420966482838509,0.15284715284715283,62,31,31,1000,,0.44975713941231177,False,False
volume,delta_declining,serotonin,5HT6,cortical,62,0.1809,0.159452,0.212603,False,-0.0798,0.4184,0.18088187152174462,0.5244755244755245,62,31,31,1000,,0.8775538187302894,False,False
volume,delta_declining,serotonin,5HTT,cortical,62,-0.0115,0.929261,0.929261,False,-0.2676,0.2462,-0.011508146357432449,0.965034965034965,62,31,31,1000,,0.9796817355872474,False,False
volume,delta_declining,glutamate,mGluR5,cortical,62,0.122,0.34483,0.68966,False,-0.1393,0.3674,0.12200649694039435,0.6623376623376623,62,31,31,1000,,0.920405797411145,False,False
volume,delta_declining,glutamate,NMDA,cortical,62,0.2228,0.081708,0.326833,False,-0.0362,0.4538,0.22283498275037147,0.33266733266733267,62,31,31,1000,,0.713952713952714,False,False
volume,baseline_all,dopamine,D1,cortical,62,0.0569,0.660263,0.660263,False,-0.203,0.3093,0.05693636523885069,0.7622377622377622,62,31,31,1000,,0.9534543126776136,False,False
volume,baseline_all,dopamine,D2,cortical,62,-0.4173,0.00074,0.002221,True,-0.6089,-0.1796,-0.417289919669613,0.03596403596403597,62,31,31,1000,,0.1878937389141471,False,True
volume,baseline_all,dopamine,DAT,cortical,62,0.1686,0.190234,0.228281,False,-0.0923,0.4079,0.16859308503940976,0.4095904095904096,62,31,31,1000,,0.7941532152058468,False,False
volume,baseline_all,ach,VAChT,cortical,62,0.3501,0.005286,0.015858,True,0.1023,0.5569,0.3500541411699529,0.07392607392607392,62,31,31,1000,,0.2957042957042957,False,False
volume,baseline_all,ach,M1,cortical,62,0.0487,0.707137,0.848565,False,-0.2109,0.3018,0.048676689078592836,0.7872127872127872,62,31,31,1000,,0.9596498739355882,False,False
volume,baseline_all,ach,A4B2,cortical,62,0.153,0.23505,0.352574,False,-0.1082,0.3945,0.1530306464203873,0.5014985014985015,62,31,31,1000,,0.861635009286016,False,False
volume,baseline_all,gaba,GABAa-bz,cortical,62,0.5361,7e-06,2.8e-05,True,0.3238,0.6971,0.5361486741708846,0.002997002997002997,62,31,31,1000,,0.06393606393606394,False,True
volume,baseline_all,gaba,GABAa,cortical,62,0.1861,0.147513,0.295026,False,-0.0744,0.4228,0.1861197149404447,0.33466533466533466,62,31,31,1000,,0.713952713952714,False,False
volume,baseline_all,serotonin,5HT1a,cortical,62,-0.4834,6.9e-05,0.000413,True,-0.6586,-0.2586,-0.48341769283070185,0.016983016983016984,62,31,31,1000,,0.1242186385043528,False,True
volume,baseline_all,serotonin,5HT1b,cortical,62,0.3616,0.003882,0.011646,True,0.1154,0.5659,0.36158746946689835,0.061938061938061936,62,31,31,1000,,0.2687482009515908,False,False
volume,baseline_all,serotonin,5HT2a,cortical,62,-0.2428,0.05721,0.085816,False,-0.4704,0.015,-0.24282944272367854,0.1998001998001998,62,31,31,1000,,0.5384089594615911,False,False
volume,baseline_all,serotonin,5HT4,cortical,62,-0.5303,9e-06,0.000112,True,-0.6928,-0.3164,-0.530256100324847,0.003996003996003996,62,31,31,1000,,0.06393606393606394,False,True
volume,baseline_all,serotonin,5HT6,cortical,62,0.2325,0.06905,0.091969,False,-0.026,0.4618,0.2324544836443303,0.21878121878121878,62,31,31,1000,,0.5683205683205683,False,False
volume,baseline_all,serotonin,5HTT,cortical,62,0.4015,0.001218,0.004873,True,0.1612,0.5969,0.4015260255344867,0.04495504495504495,62,31,31,1000,,0.2171413492168209,False,True
volume,baseline_all,glutamate,mGluR5,cortical,62,0.1254,0.33155,0.395116,False,-0.1359,0.3704,0.12538087683513385,0.5604395604395604,62,31,31,1000,,0.9023429400787891,False,False
volume,baseline_all,glutamate,NMDA,cortical,62,0.404,0.001127,0.004508,True,0.1642,0.5988,0.40404421948578484,0.014985014985014986,62,31,31,1000,,0.11988011988011989,False,True
volume,baseline_declining,dopamine,D1,cortical,62,-0.0099,0.939148,0.952756,False,-0.2662,0.2477,-0.009896502228601648,0.9630369630369631,62,31,31,1000,,0.9796817355872474,False,False
volume,baseline_declining,dopamine,D2,cortical,62,-0.4638,0.000147,0.000484,True,-0.644,-0.2349,-0.46382614388960236,0.023976023976023976,62,31,31,1000,,0.15984015984015984,False,True
volume,baseline_declining,dopamine,DAT,cortical,62,0.0077,0.952756,0.952756,False,-0.2497,0.2641,0.007680491551459293,0.97002997002997,62,31,31,1000,,0.9796817355872474,False,False
volume,baseline_declining,ach,VAChT,cortical,62,0.2695,0.034141,0.068282,False,0.0135,0.4924,0.2695222986074387,0.25574425574425574,62,31,31,1000,,0.61187410720121,False,False
volume,baseline_declining,ach,M1,cortical,62,0.1438,0.264783,0.31774,False,-0.1175,0.3865,0.14381405655863616,0.4835164835164835,62,31,31,1000,,0.8536566881394467,False,False
volume,baseline_declining,ach,A4B2,cortical,62,0.3418,0.006541,0.019623,True,0.0931,0.5504,0.341844828888721,0.13486513486513488,62,31,31,1000,,0.4241612046490095,False,False
volume,baseline_declining,gaba,GABAa-bz,cortical,62,0.5492,4e-06,1.5e-05,True,0.3403,0.7065,0.5492432827176349,0.003996003996003996,62,31,31,1000,,0.06393606393606394,False,True
volume,baseline_declining,gaba,GABAa,cortical,62,0.1716,0.182297,0.271697,False,-0.0893,0.4104,0.1716149177809675,0.3886113886113886,62,31,31,1000,,0.7652655037270422,False,False
volume,baseline_declining,serotonin,5HT1a,cortical,62,-0.5523,3e-06,2e-05,True,-0.7087,-0.3442,-0.5523154793382187,0.002997002997002997,62,31,31,1000,,0.06393606393606394,False,True
volume,baseline_declining,serotonin,5HT1b,cortical,62,0.575,1e-06,1.2e-05,True,0.3732,0.7248,0.5749792248999017,0.001998001998001998,62,31,31,1000,,0.06393606393606394,False,True
volume,baseline_declining,serotonin,5HT2a,cortical,62,-0.0414,0.74951,0.74951,False,-0.2952,0.2179,-0.04137392661982826,0.8531468531468531,62,31,31,1000,,0.972054494178388,False,False
volume,baseline_declining,serotonin,5HT4,cortical,62,-0.418,0.000724,0.002894,True,-0.6095,-0.1804,-0.41799501397597644,0.027972027972027972,62,31,31,1000,,0.16653114327532934,False,True
volume,baseline_declining,serotonin,5HT6,cortical,62,0.309,0.014553,0.026875,True,0.0565,0.5243,0.3089572158847675,0.14485514485514486,62,31,31,1000,,0.4467821335291215,False,False
volume,baseline_declining,serotonin,5HTT,cortical,62,0.2214,0.083709,0.111612,False,-0.0376,0.4526,0.2214247941376445,0.34465534465534464,62,31,31,1000,,0.7173314490387661,False,False
volume,baseline_declining,glutamate,mGluR5,cortical,62,0.2016,0.116153,0.154871,False,-0.0584,0.4359,0.20158142580141525,0.4125874125874126,62,31,31,1000,,0.7941532152058468,False,False
volume,baseline_declining,glutamate,NMDA,cortical,62,0.2541,0.046306,0.14003,False,-0.0031,0.4797,0.2540605877464683,0.19480519480519481,62,31,31,1000,,0.5305332964907433,False,False
thickness,delta_all,dopamine,D1,cortical,62,-0.048,0.710903,0.710903,False,-0.3012,0.2115,-0.04802195865125532,0.8641358641358642,62,31,31,1000,,0.9745320758536619,False,False
thickness,delta_all,dopamine,D2,cortical,62,-0.5526,3e-06,1e-05,True,-0.7089,-0.3446,-0.5525672987333484,0.025974025974025976,62,31,31,1000,,0.16217928413050364,False,True
thickness,delta_all,dopamine,DAT,cortical,62,-0.0643,0.619592,0.710903,False,-0.316,0.1959,-0.06428949157664124,0.8251748251748252,62,31,31,1000,,0.972054494178388,False,False
thickness,delta_all,ach,VAChT,cortical,62,0.1428,0.26818,0.38169,False,-0.1185,0.3856,0.1428067789781169,0.6223776223776224,62,31,31,1000,,0.905050505050505,False,False
thickness,delta_all,ach,M1,cortical,62,0.113,0.38169,0.38169,False,-0.1482,0.3595,0.113041726473773,0.6483516483516484,62,31,31,1000,,0.9119671537253955,False,False
thickness,delta_all,ach,A4B2,cortical,62,0.1756,0.172215,0.38169,False,-0.0852,0.4139,0.17559366422401854,0.6203796203796204,62,31,31,1000,,0.905050505050505,False,False
thickness,delta_all,gaba,GABAa-bz,cortical,62,0.5191,1.5e-05,3.1e-05,True,0.3025,0.6847,0.5191256830601092,0.014985014985014986,62,31,31,1000,,0.11988011988011989,False,True
thickness,delta_all,gaba,GABAa,cortical,62,0.0799,0.537271,0.537271,False,-0.1808,0.33,0.07985193019566367,0.7382617382617382,62,31,31,1000,,0.9497236431909799,False,False
thickness,delta_all,serotonin,5HT1a,cortical,62,-0.6668,0.0,0.0,True,-0.7886,-0.4946,-0.6667925763642315,0.002997002997002997,62,31,31,1000,,0.06393606393606394,False,True
thickness,delta_all,serotonin,5HT1b,cortical,62,0.4076,0.001008,0.002015,True,0.1683,0.6016,0.4076200548966281,0.13086913086913088,62,31,31,1000,,0.421978021978022,False,False
thickness,delta_all,serotonin,5HT2a,cortical,62,-0.1756,0.172215,0.172215,False,-0.4139,0.0852,-0.17559366422401854,0.4835164835164835,62,31,31,1000,,0.8536566881394467,False,False
thickness,delta_all,serotonin,5HT4,cortical,62,-0.4417,0.000326,0.000978,True,-0.6274,-0.2084,-0.4416660371181788,0.04395604395604396,62,31,31,1000,,0.21639898562975488,False,True
thickness,delta_all,serotonin,5HT6,cortical,62,0.1788,0.164471,0.172215,False,-0.0819,0.4166,0.17876658860265418,0.5184815184815185,62,31,31,1000,,0.873232031126768,False,False
thickness,delta_all,serotonin,5HTT,cortical,62,0.188,0.14343,0.172215,False,-0.0724,0.4244,0.18798317846440532,0.4955044955044955,62,31,31,1000,,0.8605448605448605,False,False
thickness,delta_all,glutamate,mGluR5,cortical,62,0.0557,0.66733,0.66733,False,-0.2042,0.3082,0.05567726826320162,0.8401598401598401,62,31,31,1000,,0.972054494178388,False,False
thickness,delta_all,glutamate,NMDA,cortical,62,0.2413,0.058824,0.117649,False,-0.0166,0.4692,0.24131852635289971,0.2627372627372627,62,31,31,1000,,0.6227846227846228,False,False
thickness,delta_declining,dopamine,D1,cortical,62,0.0076,0.953065,0.953065,False,-0.2498,0.264,0.007630127672433332,0.972027972027972,62,31,31,1000,,0.9796817355872474,False,False
thickness,delta_declining,dopamine,D2,cortical,62,-0.5437,5e-06,1.5e-05,True,-0.7025,-0.3333,-0.5437032560247791,0.01098901098901099,62,31,31,1000,,0.1041921041921042,False,True
thickness,delta_declining,dopamine,DAT,cortical,62,-0.0138,0.915069,0.953065,False,-0.2698,0.244,-0.013824884792626727,0.958041958041958,62,31,31,1000,,0.9796817355872474,False,False
thickness,delta_declining,ach,VAChT,cortical,62,0.2646,0.037658,0.062143,False,0.0083,0.4884,0.2646370023419204,0.24575424575424576,62,31,31,1000,,0.5983450511752398,False,False
thickness,delta_declining,ach,M1,cortical,62,0.199,0.121071,0.121071,False,-0.0611,0.4337,0.19896250409206515,0.3826173826173826,62,31,31,1000,,0.7593027127910849,False,False
thickness,delta_declining,ach,A4B2,cortical,62,0.2598,0.041429,0.062143,False,0.0031,0.4844,0.259802069955428,0.35264735264735264,62,31,31,1000,,0.728046147400986,False,False
thickness,delta_declining,gaba,GABAa-bz,cortical,62,0.4481,0.00026,0.000521,True,0.216,0.6322,0.4480622497544761,0.024975024975024976,62,31,31,1000,,0.15984015984015984,False,True
thickness,delta_declining,gaba,GABAa,cortical,62,0.096,0.457855,0.457855,False,-0.165,0.3445,0.09601873536299765,0.6423576423576424,62,31,31,1000,,0.9085279361522456,False,False
thickness,delta_declining,serotonin,5HT1a,cortical,62,-0.6321,0.0,0.0,True,-0.7648,-0.448,-0.6321422275943693,0.000999000999000999,62,31,31,1000,,0.042624042624042624,True,True
thickness,delta_declining,serotonin,5HT1b,cortical,62,0.4443,0.000297,0.000594,True,0.2116,0.6294,0.44433532270655485,0.03996003996003996,62,31,31,1000,,0.2045954045954046,False,True
thickness,delta_declining,serotonin,5HT2a,cortical,62,-0.1381,0.284531,0.284531,False,-0.3815,0.1232,-0.1380725743496764,0.5534465534465535,62,31,31,1000,,0.9023429400787891,False,False
thickness,delta_declining,serotonin,5HT4,cortical,62,-0.5132,2e-05,6e-05,True,-0.6804,-0.2952,-0.5132331092140716,0.00999000999000999,62,31,31,1000,,0.1041921041921042,False,True
thickness,delta_declining,serotonin,5HT6,cortical,62,0.1739,0.176376,0.263063,False,-0.0869,0.4124,0.17393165621616177,0.47352647352647353,62,31,31,1000,,0.8536566881394467,False,False
thickness,delta_declining,serotonin,5HTT,cortical,62,0.1583,0.219219,0.263063,False,-0.1028,0.399,0.15826848983908742,0.5374625374625375,62,31,31,1000,,0.8934442181195428,False,False
thickness,delta_declining,glutamate,mGluR5,cortical,62,0.0985,0.446091,0.446091,False,-0.1625,0.3467,0.09853692931429579,0.7022977022977023,62,31,31,1000,,0.9462537462537463,False,False
thickness,delta_declining,glutamate,NMDA,cortical,62,0.3538,0.00479,0.00958,True,0.1065,0.5598,0.35378106821787414,0.06493506493506493,62,31,31,1000,,0.27705627705627706,False,False
thickness,baseline_all,dopamine,D1,cortical,62,-0.0805,0.533929,0.609457,False,-0.3306,0.1802,-0.08050666062300119,0.6123876123876124,62,31,31,1000,,0.905050505050505,False,False
thickness,baseline_all,dopamine,D2,cortical,62,-0.3344,0.007889,0.023667,True,-0.5446,-0.0848,-0.3344413386719045,0.028971028971028972,62,31,31,1000,,0.16678973200712333,False,True
thickness,baseline_all,dopamine,DAT,cortical,62,0.0662,0.609457,0.609457,False,-0.1941,0.3177,0.06615295510060185,0.6773226773226774,62,31,31,1000,,0.9214912072054928,False,False
thickness,baseline_all,ach,VAChT,cortical,62,0.1414,0.272811,0.586987,False,-0.1198,0.3844,0.14144695424441592,0.3996003996003996,62,31,31,1000,,0.780898490822155,False,False
thickness,baseline_all,ach,M1,cortical,62,0.0703,0.586987,0.586987,False,-0.19,0.3215,0.07033315705975675,0.6643356643356644,62,31,31,1000,,0.920405797411145,False,False
thickness,baseline_all,ach,A4B2,cortical,62,0.0861,0.505814,0.586987,False,-0.1747,0.3356,0.08609705119488302,0.6253746253746254,62,31,31,1000,,0.905050505050505,False,False
thickness,baseline_all,gaba,GABAa-bz,cortical,62,0.2668,0.036063,0.072126,False,0.0106,0.4901,0.2668026491400368,0.07892107892107893,62,31,31,1000,,0.3015491970715852,False,False
thickness,baseline_all,gaba,GABAa,cortical,62,0.1093,0.397683,0.397683,False,-0.1519,0.3562,0.10931479942585179,0.4965034965034965,62,31,31,1000,,0.8605448605448605,False,False
thickness,baseline_all,serotonin,5HT1a,cortical,62,-0.4479,0.000262,0.000785,True,-0.6321,-0.2158,-0.44791115811739823,0.001998001998001998,62,31,31,1000,,0.06393606393606394,False,True
thickness,baseline_all,serotonin,5HT1b,cortical,62,0.2396,0.060754,0.072905,False,-0.0185,0.4677,0.23955579058699103,0.13586413586413587,62,31,31,1000,,0.4241612046490095,False,False
thickness,baseline_all,serotonin,5HT2a,cortical,62,-0.2493,0.050723,0.072905,False,-0.4757,0.0082,-0.24927601923900175,0.1008991008991009,62,31,31,1000,,0.3444022644022644,False,False
thickness,baseline_all,serotonin,5HT4,cortical,62,-0.5984,0.0,2e-06,True,-0.7414,-0.4036,-0.5984487925260004,0.000999000999000999,62,31,31,1000,,0.042624042624042624,True,True
thickness,baseline_all,serotonin,5HT6,cortical,62,0.0935,0.469786,0.469786,False,-0.1675,0.3422,0.09350054141169953,0.5514485514485514,62,31,31,1000,,0.9023429400787891,False,False
thickness,baseline_all,serotonin,5HTT,cortical,62,0.2612,0.040298,0.072905,False,0.0046,0.4856,0.26121225856815494,0.12787212787212787,62,31,31,1000,,0.4196828812213428,False,False
thickness,baseline_all,glutamate,mGluR5,cortical,62,-0.1445,0.262591,0.262591,False,-0.387,0.1168,-0.14446878698597365,0.36163836163836166,62,31,31,1000,,0.7347573061858776,False,False
thickness,baseline_all,glutamate,NMDA,cortical,62,0.2049,0.110133,0.220266,False,-0.0549,0.4387,0.20490544181712878,0.17082917082917082,62,31,31,1000,,0.4805743706842608,False,False
thickness,baseline_declining,dopamine,D1,cortical,62,-0.0326,0.801637,0.944094,False,-0.2871,0.2263,-0.0325602477902848,0.8511488511488512,62,31,31,1000,,0.972054494178388,False,False
thickness,baseline_declining,dopamine,D2,cortical,62,-0.3207,0.011032,0.033097,True,-0.5337,-0.0695,-0.3207423635768427,0.07092907092907093,62,31,31,1000,,0.2882197167911454,False,False
thickness,baseline_declining,dopamine,DAT,cortical,62,-0.0091,0.944094,0.944094,False,-0.2654,0.2484,-0.009090680164186246,0.967032967032967,62,31,31,1000,,0.9796817355872474,False,False
thickness,baseline_declining,ach,VAChT,cortical,62,0.1997,0.119636,0.179454,False,-0.0603,0.4344,0.1997179622774546,0.2937062937062937,62,31,31,1000,,0.6835346471710108,False,False
thickness,baseline_declining,ach,M1,cortical,62,0.1693,0.18836,0.18836,False,-0.0916,0.4085,0.16929817934577324,0.32867132867132864,62,31,31,1000,,0.713952713952714,False,False
thickness,baseline_declining,ach,A4B2,cortical,62,0.2893,0.022565,0.067694,False,0.035,0.5085,0.2893153030646421,0.11888111888111888,62,31,31,1000,,0.3952411225138498,False,False
thickness,baseline_declining,gaba,GABAa-bz,cortical,62,0.3551,0.004619,0.009239,True,0.1081,0.5609,0.35514089295157514,0.024975024975024976,62,31,31,1000,,0.15984015984015984,False,True
thickness,baseline_declining,gaba,GABAa,cortical,62,0.1203,0.351694,0.351694,False,-0.141,0.3659,0.12029412505351161,0.45354645354645357,62,31,31,1000,,0.8289015948590416,False,False
thickness,baseline_declining,serotonin,5HT1a,cortical,62,-0.4612,0.000162,0.000719,True,-0.642,-0.2317,-0.46115685830122644,0.004995004995004995,62,31,31,1000,,0.07104007104007104,False,True
thickness,baseline_declining,serotonin,5HT1b,cortical,62,0.4388,0.00036,0.000719,True,0.205,0.6253,0.4388456598927249,0.01098901098901099,62,31,31,1000,,0.1041921041921042,False,True
thickness,baseline_declining,serotonin,5HT2a,cortical,62,-0.099,0.443759,0.443759,False,-0.3471,0.162,-0.09904056810455542,0.5654345654345654,62,31,31,1000,,0.9046953046953046,False,False
thickness,baseline_declining,serotonin,5HT4,cortical,62,-0.4468,0.000272,0.000719,True,-0.6313,-0.2145,-0.446803152778827,0.008991008991008992,62,31,31,1000,,0.1041921041921042,False,True
thickness,baseline_declining,serotonin,5HT6,cortical,62,0.2204,0.085162,0.127743,False,-0.0387,0.4518,0.22041751655712524,0.22477522477522477,62,31,31,1000,,0.5754245754245754,False,False
thickness,baseline_declining,serotonin,5HTT,cortical,62,0.1742,0.175614,0.210737,False,-0.0866,0.4127,0.17423383949031757,0.37462537462537465,62,31,31,1000,,0.7492507492507493,False,False
thickness,baseline_declining,glutamate,mGluR5,cortical,62,0.0652,0.614653,0.614653,False,-0.195,0.3168,0.06519604139910856,0.7532467532467533,62,31,31,1000,,0.9534543126776136,False,False
thickness,baseline_declining,glutamate,NMDA,cortical,62,0.1552,0.228258,0.456517,False,-0.1059,0.3964,0.15524665709752966,0.3306693306693307,62,31,31,1000,,0.713952713952714,False,False
