label;region;5HT1a;5HT1b;5HT2a;5HT4;5HT6;5HTT;A4B2;D1;D2;DAT;GABAa-bz;GABAa;M1;NMDA;VAChT;mGluR5
2;Left-Cerebral-White-Matter;-0,098000682;0,165651859;0,44290418;0,274483704;0,271906757;-0,289408774;-0,110495866;-0,462657795;-0,300520277;-0,263054637;-0,228888354;-0,330973001;-0,244685187;-0,174011785;-0,335289093;-0,147266447
4;Left-Lateral-Ventricle;-1,52464058;-1,687567076;-1,296617546;-0,511750096;-1,367740035;-0,681104335;-1,507222143;-0,22915174;0,058618617;0,400250435;-1,712970132;-1,925870148;-1,38227486;-2,355780253;-0,603719523;-1,960476192
5;Left-Inf-Lat-Vent;0,561025147;-0,897283056;-0,985215892;-0,595418477;-0,089192704;-0,37182418;-0,609816005;-0,603689939;-0,177607692;0,330763099;-0,544787501;-0,525553446;-0,348312647;-1,196812222;-0,244896396;-0,550750583
7;Left-Cerebellum-White-Matter;-1,578403692;-1,82860911;-1,631679891;-1,639181182;-1,118736523;-1,212029824;1,178194758;-1,170728406;-0,772764514;-0,474547068;-0,846772897;-1,152561043;-1,957671616;0,182836838;-0,183819649;-1,775167835
8;Left-Cerebellum-Cortex;-1,263570503;-1,769100374;-1,444880356;-1,557435624;-1,399851036;-1,264544971;0,978658372;-1,078110147;-0,773622768;-0,663290669;-0,798531104;-0,343283506;-1,940539087;-0,161467169;-0,222352151;-1,741008279
10;Left-Thalamus-Proper;-1,40493532;-0,843480616;-1,279836192;-0,549328544;-0,969922746;2,130141396;4,651692268;-0,262579936;0,560915629;0,675072402;-1,237354696;-1,339532551;-1,392435659;1,662750268;0,676729875;-0,538904232
11;Left-Caudate;-1,529023644;-0,600098197;-1,419431093;2,723542535;1,838473642;0,80213111;-0,030227733;3,015808247;3,366973113;2,342688344;-1,105541326;-1,434136213;1,103170462;1,20056667;3,452950583;0,246112762
12;Left-Putamen;-0,689807002;0,508716584;-0,842321791;3,589471327;3,242073452;2,342064118;0,630272296;3,950200588;4,279441202;2,836084015;0,098583006;-0,598437589;2,198736477;1,756848833;4,681203;0,949688469
13;Left-Pallidum;-1,42552399;1,713843295;-1,319817972;3,627294172;0,95198569;2,936521464;0,498821597;2,551675024;2,311972537;3,819428844;-0,879588414;-1,08165262;-0,377199234;1,577053758;1,753896488;-0,448580019
14;3rd-Ventricle;-1,118196989;-0,390906438;-1,545300438;-0,715727025;-1,647925371;3,359815939;1,677533629;-1,066138854;0,601975663;0,76707611;-1,62517702;-1,427042917;-1,639058378;-1,594647295;-0,085557657;-1,65072902
15;4th-Ventricle;-1,292375803;-1,755443845;-1,539399567;-1,613551738;-1,985476499;-0,550085633;-0,388155515;-1,027398286;-0,672696956;-0,258065556;-1,996418501;-1,498489841;-2,068727022;-1,437494648;-0,287833784;-2,432951906
16;Brain-Stem;-1,297897543;-1,369114817;-1,589645754;-1,136968788;-1,662400338;1,263384434;0,883396504;-0,992798557;-0,489433558;-0,136224992;-2,36354355;-2,149761305;-1,944672863;-0,526438522;-0,181026065;-1,914131186
17;Left-Hippocampus;1,749783297;-1,070543718;-0,838274832;-0,100128859;-0,503897794;-0,187974557;-0,268319594;-0,316889853;-0,232520714;0,298273246;-0,27199095;0,043762005;-0,283632162;1,224901456;0,208658175;0,058556164
18;Left-Amygdala;1,179063534;-0,342985905;-0,805707137;-0,202005553;-0,378134696;1,295411537;-0,455228711;0,165361843;0,364695545;0,632522219;-0,607070941;0,016170118;0,559434855;0,464746455;0,602768518;0,173857923
24;CSF;-1,331518924;-1,344672495;-1,474436262;-1,265208305;-2,007533798;0,636097696;1,023835678;-0,84312905;0,096445832;0,180594134;-1,342913933;-1,338817733;-1,71620175;-1,160763364;-0,410819036;-1,478151049
26;Left-Accumbens-area;-0,638049814;1,087871566;-0,7075621;1,127082178;1,136531208;1,642057579;0,62257036;3,122726258;2,783157492;3,684531965;0,37883849;0,178615751;2,369176793;1,185849102;2,980025385;0,907496375
28;Left-VentralDC;-1,105627895;-0,313845942;-1,4011746;-0,643175784;-1,272578976;1,972933703;2,213509744;-0,494949645;0,221775902;0,80065679;-1,931879929;-1,651640455;-1,587820527;-0,285502184;0,161122082;-1,437424429
31;nan;-1,472665287;-1,364006289;-1,294101834;-1,449400389;-1,639707385;-0,860070249;-0,784792016;-0,526761896;-0,450135127;-0,100261925;-1,836313264;-1,810799224;-1,626241363;-1,60505631;-0,547782946;-1,935515891
41;Right-Cerebral-White-Matter;-0,157534451;0,16880478;0,342586987;0,165404244;0,205551292;-0,303904238;-0,003936751;-0,37981845;-0,302085124;-0,200973182;-0,314572437;-0,360401151;-0,202061069;-0,111015286;-0,335891826;-0,135417269
43;Right-Lateral-Ventricle;-1,381101683;-1,755049525;-1,088444461;-0,930935663;-1,315810047;-0,70373294;-1,43974778;-0,763914125;-0,068721816;0,092571211;-1,385897989;-1,729600549;-1,467625362;-2,460459628;-0,764649533;-1,951594114
44;Right-Inf-Lat-Vent;1,453907244;-0,856630768;-0,93297175;-0,653483374;-0,133532974;-0,391677477;-0,340743073;-0,600475408;-0,147733851;0,445537835;-0,677383128;-0,672201245;-0,190065347;-0,281883949;-0,189313789;-0,458265349
46;Right-Cerebellum-White-Matter;-1,578640829;-1,825905959;-1,651464643;-1,646671673;-1,102566676;-1,126084408;1,203808575;-1,213530712;-0,772740089;-0,422179861;-1,167827268;-1,258133939;-1,957677852;0,130724476;-0,148652385;-1,760730327
47;Right-Cerebellum-Cortex;-1,343904593;-1,772604762;-1,503845404;-1,574441177;-1,319047413;-1,275329301;1,208959378;-1,146342612;-0,766393925;-0,629984856;-0,864277899;-0,417619946;-1,899735373;-0,096421461;-0,203546289;-1,763654938
49;Right-Thalamus-Proper;-1,360922538;-0,826629347;-1,274012725;-0,592571395;-0,812677337;2,309043319;4,961043597;-0,234209306;0,603075443;0,344058744;-1,243638042;-1,139982012;-1,394750265;1,839506546;0,659273065;-0,522235033
50;Right-Caudate;-1,461665476;-0,740824051;-1,438252972;1,851328923;2,147310591;0,39525825;0,256505131;2,974813015;3,363080487;2,345785437;-0,972634895;-1,406045132;1,057331157;0,686695911;3,148231193;0,195409401
51;Right-Putamen;-1,064032812;0,528833786;-1,111698271;3,944830614;3,120113837;2,479753794;0,709282837;4,446769416;4,358821139;3,647327418;-0,379367978;-0,820345595;2,062308672;1,729462879;4,674985973;0,868150721
52;Right-Pallidum;-1,511955995;1,734366767;-1,448821187;2,501137909;1,122486903;2,416961677;0,449304766;1,502065143;1,938760674;2,95412652;-1,359267249;-1,424701984;-0,737151522;0,884773922;1,179988474;-0,768727187
53;Right-Hippocampus;1,776702069;-1,062042844;-0,958503398;-0,213123672;-0,361493514;-0,338993094;-0,236322324;-0,374960036;-0,26643543;0,142765953;-0,501848661;-0,015310074;-0,30316664;0,776162846;0,198133286;-0,021999253
54;Right-Amygdala;1,311465419;-0,424418271;-0,855287675;-0,307123345;-0,466223193;0,961013989;-0,442666309;0,163970054;0,31830983;0,454279861;-0,890322067;0,000796867;0,652527806;0,422584656;0,483832237;0,080735758
58;Right-Accumbens-area;-0,452549675;0,927851395;-0,855656153;0,574992545;1,073281134;1,442089692;0,687685517;2,26347441;2,533110313;2,827883874;-0,107869323;0,197202046;1,851926248;0,904238013;2,235499374;0,66469941
60;Right-VentralDC;-1,240045072;-0,256107997;-1,432106046;-0,611284618;-1,23005135;2,754469934;2,126396899;-0,532280945;0,217016614;0,591086072;-1,824645077;-1,732962385;-1,591789196;-0,406593439;0,126212851;-1,523052367
63;nan;-1,08906912;-1,253597769;-0,832408234;-1,384504877;-1,6550703;-1,224116815;-0,639039771;-0,561867585;-0,465387232;-0,235619074;-1,5842572;-1,042895841;-1,626571337;-1,103081989;-0,473118398;-1,854544133
77;WM-Hypointensities;-1,628522437;-1,832844103;-1,753353606;-0,730092894;-0,137489602;-0,961321793;-1,325603482;-0,928089808;0,440907119;0,306791187;-1,526824767;-2,137924647;-1,24832496;-2,115262147;-0,61427277;-1,626572032
251;CC_Posterior;-1,16642996;-1,720214209;-1,497038387;-1,770564061;-1,975457412;-1,360217184;-1,718580867;-0,969620839;-0,776370676;-0,401083902;-1,057326806;-1,988210336;-1,647152317;-1,837063433;-0,937161526;-1,766058884
252;CC_Mid_Posterior;-1,201820773;-1,646637709;-1,400293041;-1,499615971;-2,087451043;-0,856300814;-1,079449478;-0,964637183;-0,63032816;-0,295224948;-0,215276159;-1,947220382;-1,802778294;-1,871969741;-0,876475909;-1,938772055
253;CC_Central;-1,165921879;-1,49524273;-1,228741438;-1,225119754;-1,965242807;-0,615184754;-0,530713085;-0,870730432;-0,378562643;0,08261889;-0,715515823;-1,960219365;-1,547946069;-2,118352829;-0,723395322;-1,813613622
254;CC_Mid_Anterior;-1,331922547;-1,603863359;-1,607032805;-1,770564061;-1,39873895;-1,354147912;-1,436753541;-0,974331073;-0,191949259;0,071623241;-1,321795238;-2,032047384;-1,357312936;-2,264349383;-0,671610419;-1,729715827
255;CC_Anterior;-0,993752836;-1,159851391;-0,909200422;-0,529992357;-0,885825124;0,328861384;-1,695501418;-0,824687583;-0,455298209;0,1737022;-1,477165028;-1,659535394;-1,490311604;-1,703161929;-0,762612915;-1,481565733
1002;ctx-lh-caudalanteriorcingulate;0,402071037;0,836495442;0,643034078;0,209014014;0,533434225;0,016309557;0,318546706;0,1396245;-0,288548304;-0,180235193;1,156400849;0,434282144;0,300091722;0,832869466;0,082892962;0,994927284
1003;ctx-lh-caudalmiddlefrontal;0,129244649;0,864143889;0,871413296;0,051381465;0,49042678;-0,714252992;0,440434362;-0,359080144;-0,443930115;-0,724393031;0,527714163;0,557340629;0,258841117;-0,472317092;-0,395251348;0,460686635
1005;ctx-lh-cuneus;-0,239459901;0,767794619;0,691260424;-0,162842866;0,761418798;-0,161720947;-0,331470252;-0,246123252;-0,433092257;-0,561724028;0,962837154;0,877438403;0,709786278;0,755855687;-0,40668389;0,567116474
1006;ctx-lh-entorhinal;2,301869218;-0,843420184;0,03763599;0,265010963;-0,625201291;0,773136836;-1,278091744;-0,316705384;-0,188053148;-0,163024059;-1,209236512;0,339081054;-0,019486717;0,004632427;-0,312644262;0,036484532
1007;ctx-lh-fusiform;1,088733418;-0,152434632;0,814629121;0,152670856;0,369593316;-0,401026672;-0,257933893;0,041918183;-0,192823405;-0,3049516;0,758655874;0,903303567;0,238843524;0,592779108;-0,383189438;0,419739917
1008;ctx-lh-inferiorparietal;0,203171826;0,565733745;0,907725354;0,520015256;0,075455975;-0,645378856;-0,553722709;-0,295729377;-0,351898945;-0,781834523;0,527657514;0,735745482;0,303876344;-0,863977699;-0,439871757;0,568431852
1009;ctx-lh-inferiortemporal;1,151163172;-0,196050021;0,945973598;0,532198298;0,174408259;-0,526376935;-0,825707475;-0,22011476;-0,09461868;-0,536211296;0,078740318;0,365546632;0,475165191;-0,344649175;-0,527212957;0,174027066
1010;ctx-lh-isthmuscingulate;0,093523264;-0,019828835;0,581564721;-0,030475018;-0,031034511;-0,283688361;-0,555226683;0,26642127;-0,488348101;-0,319053584;0,82710654;0,503899078;0,05039591;0,909691108;-0,244159853;0,514212794
1011;ctx-lh-lateraloccipital;-0,316900599;0,362304051;0,579810667;-0,060720022;-0,127348157;-0,496469034;-0,806705776;-0,5240489;-0,452148419;-0,770436467;0,603876157;0,381577335;0,306946567;-1,129838618;-0,530573503;-0,087975566
1012;ctx-lh-lateralorbitofrontal;0,467284716;0,249066626;0,726830606;0,209681207;-0,077501698;-0,134365073;-0,262925379;0,057983369;-0,285087643;-0,349365613;0,164033272;0,544550982;0,304742235;-0,383806136;-0,281956967;0,280528303
1013;ctx-lh-lingual;-0,140119364;0,555713434;0,697669201;-0,317533885;-0,074291208;-0,223913615;-0,627048937;0,083390977;-0,476459082;-0,386966505;1,306710687;1,215151955;-0,077964247;1,115519817;-0,433496274;0,230630561
1014;ctx-lh-medialorbitofrontal;0,799809349;0,461510571;0,869501617;0,243633777;0,044755713;-0,117830157;-0,27917358;0,483213979;-0,197019072;-0,191192996;0,651907226;0,937556115;0,616008985;0,391387284;-0,123673891;0,771917079
1015;ctx-lh-middletemporal;0,833715272;0,290290099;1,097570403;0,711212076;0,883717598;-0,530142514;-0,255647549;-0,132163869;-0,075237609;-0,581781079;0,52173533;0,695577939;0,666243842;-0,423070591;-0,433465074;0,526850036
1016;ctx-lh-parahippocampal;1,914771164;-0,925102889;0,242109217;-0,118830515;-0,445477114;-0,045456934;-0,482732758;0,009805158;-0,242169452;-0,084629965;0,012449718;0,66111543;-0,20544168;-0,105602848;-0,339611856;0,218699907
1017;ctx-lh-paracentral;-0,102889605;0,252872688;0,08853793;-0,337554759;0,141166199;-0,344813277;-0,120072208;-0,466003263;-0,470906775;-0,627615172;0,345210632;0,108416938;0,329236951;0,685998853;-0,044995847;0,419526634
1018;ctx-lh-parsopercularis;0,770362996;1,207967472;1,163343902;0,30238318;1,045885234;-0,367345982;0,403131228;-0,117335324;-0,295114223;-0,40489938;0,955799672;0,85599151;0,674346404;0,11629011;-0,24773465;1,020832633
1019;ctx-lh-parsorbitalis;0,108346955;0,494940344;0,72546303;0,159059274;0,413582706;-0,350153846;0,079619859;-0,174344322;-0,381572617;-0,511673354;0,535158847;0,390950394;0,297946674;-0,04601042;-0,403133049;0,355031453
1020;ctx-lh-parstriangularis;0,263057875;0,943989802;0,919239184;0,182196498;0,795352245;-0,418512054;0,488098247;-0,25538208;-0,369007473;-0,51036567;0,683630442;0,572378308;0,579940706;-0,563828166;-0,38554821;0,466649604
1021;ctx-lh-pericalcarine;-0,789838708;2,092535825;0,903103965;-0,451126971;1,018374002;-0,049629423;-0,265507544;-0,164923812;-0,519304471;-0,335982718;1,454277094;1,394125773;0,821344442;0,728340626;-0,360196967;0,2274432
1022;ctx-lh-postcentral;0,103948425;0,270675169;0,387716827;-0,125539564;-0,116718312;-0,332361357;-0,283438751;-0,42912138;-0,408573853;-0,716978109;0,347181401;0,463800497;0,220210629;-0,718235639;-0,340285002;0,261429256
1023;ctx-lh-posteriorcingulate;0,398886439;0,448691564;0,67934737;0,179853785;0,408585965;0,087829728;0,263395376;0,189934254;-0,372190155;-0,191585671;1,108624053;0,557715863;0,396902567;0,761903257;0,09894317;1,063051155
1024;ctx-lh-precentral;0,034032357;0,649431289;0,505720275;-0,106486644;0,197780273;-0,522879538;0,183204997;-0,449128406;-0,438439444;-0,724657104;0,414665929;0,289922609;0,204548273;-0,290849281;-0,232926985;0,269987784
1025;ctx-lh-precuneus;0,142699708;0,439036461;0,807108837;0,224427175;0,845799379;-0,45332045;-0,027532682;0,042982173;-0,366885037;-0,529731526;0,845565021;0,741678792;0,757533046;1,040049989;-0,294560505;0,89193539
1026;ctx-lh-rostralanteriorcingulate;0,758673754;0,516649204;0,834211573;0,310742004;0,688183634;0,196074766;-0,18917301;0,414794453;-0,175797471;0,103335437;1,389302633;0,86337373;0,318961151;0,811468909;-0,077905018;1,015481756
1027;ctx-lh-rostralmiddlefrontal;0,440643456;0,934792514;1,107560401;0,302103309;0,496215506;-0,500312817;0,471753396;-0,190610275;-0,372444658;-0,757067294;0,607060073;0,692598845;0,617586674;-1,038746135;-0,431735585;0,527223453
1028;ctx-lh-superiorfrontal;0,419587559;0,767837957;0,911640482;0,12398267;0,448661297;-0,620355367;0,241087747;-0,228202622;-0,397574177;-0,861785409;0,477031759;0,519297893;0,461298174;-0,238467939;-0,386525776;0,572529309
1029;ctx-lh-superiorparietal;-0,042924111;0,180170292;0,531711533;0,067599139;-0,126278744;-0,747893973;-0,538763974;-0,427023611;-0,422745704;-0,893329834;0,379932754;0,555706758;0,265606074;-0,703935856;-0,482608992;0,241785568
1030;ctx-lh-superiortemporal;0,988443225;-0,058291919;0,754053034;0,458356945;0,4235811;0,012187632;-0,546400141;-0,176605548;-0,108541726;-0,488634898;0,258461538;0,555494616;0,460704007;-0,097030223;-0,292103987;0,518787153
1031;ctx-lh-supramarginal;0,408317994;0,51394668;0,886751663;0,484562566;-0,087154463;-0,487168362;-0,509071969;-0,265839816;-0,33798134;-0,667387505;0,695819384;0,683496189;0,212911676;-0,843372616;-0,404190692;0,592888324
1034;ctx-lh-transversetemporal;0,791414031;0,673475149;1,100334724;0,115846881;0,864996134;0,306525482;-0,055342064;0,221430416;-0,232995564;-0,165181335;1,740142892;1,244311115;0,679015666;1,766596606;0,193577535;1,159794759
1035;ctx-lh-insula;1,667197914;0,564851171;0,777032288;0,270784011;1,147252146;0,729482494;-0,008692083;0,470269201;0,153785395;0,185504732;0,933477377;1,162316569;0,717880873;0,859927043;0,055310293;1,172104893
2002;ctx-rh-caudalanteriorcingulate;0,569236385;0,799738739;0,552171873;0,136237097;0,483364839;0,122657394;0,333095951;0,279931588;-0,264807673;-0,185895615;1,358865811;0,411823412;0,522681542;0,136980092;0,136016294;1,142374309
2003;ctx-rh-caudalmiddlefrontal;0,139943407;0,914549078;0,783720307;-0,042238218;0,275849289;-0,779389318;0,385139731;-0,256976122;-0,458204456;-0,702762629;0,388166313;0,515095163;0,30783713;0,093001971;-0,385863736;0,523379523
2005;ctx-rh-cuneus;-0,150716031;0,860578801;0,785387024;-0,18789299;0,572034364;-0,079069205;-0,516367352;-0,258757085;-0,44439518;-0,602434069;1,160707945;0,983161071;0,650820938;-0,202408118;-0,432955855;0,507083356
2006;ctx-rh-entorhinal;1,875431656;-0,861712591;-0,145319935;0,091746536;-0,809134301;0,650292969;-1,433588291;-0,398812945;-0,277757734;-0,275763175;-1,700789788;0,132000146;-0,147211198;-0,404366727;-0,451816541;-0,224021416
2007;ctx-rh-fusiform;1,0114416;-0,107256978;0,736271567;0,009652472;0,43126345;-0,418399123;-0,165308742;0,082474264;-0,15264065;-0,325663932;0,57069747;0,925090094;0,3406355;0,37016518;-0,407907535;0,395596859
2008;ctx-rh-inferiorparietal;0,190260126;0,632251701;0,859969188;0,454496822;-0,362978647;-0,690702463;-0,683595763;-0,263723423;-0,373774316;-0,682695652;0,48479699;0,599983033;0,527553268;-0,640461003;-0,418946126;0,544211049
2009;ctx-rh-inferiortemporal;1,176970717;-0,136593594;0,875700543;0,404147625;-0,001212159;-0,498596753;-0,814324311;-0,079884708;-0,060826044;-0,482657079;-0,061224674;0,423249854;0,669469662;-0,128050557;-0,478492196;0,319626161
2010;ctx-rh-isthmuscingulate;0,235440666;-0,003177643;0,648811259;-0,01652543;0,017511161;-0,213200797;-0,348854339;0,290365922;-0,488807209;-0,318268712;0,881792212;0,744351849;0,053366881;0,906889904;-0,263428657;0,670645718
2011;ctx-rh-lateraloccipital;-0,302487009;0,421609535;0,569305141;-0,051021708;-0,848350053;-0,574783044;-1,235211668;-0,561240663;-0,509260934;-0,678105365;0,486789143;0,312346531;0,190506044;-1,252460821;-0,531426138;-0,195880899
2012;ctx-rh-lateralorbitofrontal;0,487330467;0,353765268;0,702258783;0,135004319;-0,233912024;-0,202120539;-0,175979891;0,101906948;-0,28868068;-0,318517699;0,219541029;0,558315999;0,423638312;-0,07994411;-0,260009704;0,32694283
2013;ctx-rh-lingual;-0,157960559;0,628967482;0,666410642;-0,319013576;0,010183447;-0,224722187;-0,580005069;-0,091166505;-0,469665402;-0,424753365;1,326240533;0,945619829;-0,036897409;0,258141848;-0,495498972;0,072919683
2014;ctx-rh-medialorbitofrontal;0,891138694;0,435085115;0,84185334;0,286470227;-0,042521967;-0,205706417;-0,172348494;0,501627924;-0,200312799;-0,229347267;0,44320805;0,957806552;0,667831482;0,194659563;-0,197883024;0,777999588
2015;ctx-rh-middletemporal;0,88185476;0,29471621;1,060816214;0,610908227;0,403058875;-0,539628124;-0,357810907;0,039844265;-0,076050453;-0,438378419;0,455815176;0,699297493;0,79698407;0,30283188;-0,343659154;0,756047489
2016;ctx-rh-parahippocampal;1,29380283;-0,897762195;-0,006747365;-0,2005588;-0,151734733;-0,145034078;-0,311424937;0,022777287;-0,263381932;-0,187028024;-0,375835231;0,585989563;-0,264522268;-0,292898425;-0,392107433;0,105453432
2017;ctx-rh-paracentral;0,008657438;0,26444936;0,080280791;-0,339301328;0,144298277;-0,258278454;0,073337681;-0,33828532;-0,46024551;-0,643194266;0,368819723;0,279080246;0,331007379;0,380151688;-0,092279167;0,433768489
2018;ctx-rh-parsopercularis;0,740935138;1,223751527;1,041687997;0,160558035;0,945682875;-0,454477509;0,624598523;0,126617592;-0,277122822;-0,252315467;0,952632959;0,857207003;0,730139338;0,762903274;-0,201909088;1,207942357
2019;ctx-rh-parsorbitalis;0,171957775;0,627687795;0,747810376;0,144357591;0,113862483;-0,375454066;0,10736285;-0,11024327;-0,371243725;-0,49469061;0,419134194;0,600121152;0,653883241;0,205500455;-0,360927603;0,429519235
2020;ctx-rh-parstriangularis;0,256927044;1,012955485;0,856771955;0,152939197;0,677093954;-0,475325963;0,535484894;-0,174256221;-0,350503036;-0,464201158;0,574710211;0,654059861;0,801309525;0,372185364;-0,29365861;0,750484547
2021;ctx-rh-pericalcarine;-0,706262547;2,289720175;1,110704776;-0,467475007;1,042564907;-0,094834943;-0,209560946;-0,017085297;-0,510362888;-0,417574246;2,015077703;1,638124915;0,98441289;1,072406387;-0,357099407;0,369731985
2022;ctx-rh-postcentral;0,098095194;0,307695998;0,405763687;-0,108717666;-0,024613892;-0,456518695;-0,201182385;-0,30073576;-0,394759979;-0,677695696;0,253363238;0,46429788;0,466659662;-0,353779152;-0,30675603;0,425990198
2023;ctx-rh-posteriorcingulate;0,612635638;0,56966379;0,859722432;0,303956886;0,200746225;0,09952119;0,272452018;0,433028532;-0,370991717;-0,223896081;1,270593625;0,841198714;0,419404893;0,840097064;0,089108191;1,245577591
2024;ctx-rh-precentral;-0,00226658;0,69183817;0,435599773;-0,195948838;0,185239072;-0,610558347;0,292191115;-0,364792706;-0,42729877;-0,668086794;0,215846729;0,272607354;0,305546299;0,309720337;-0,186898825;0,393566757
2025;ctx-rh-precuneus;0,268917712;0,453371609;0,950128619;0,211770085;0,862926298;-0,37849599;0,069148829;0,098874896;-0,367769802;-0,541606555;1,084903892;1,116296968;0,76399912;0,711391845;-0,314508595;0,998142869
2026;ctx-rh-rostralanteriorcingulate;0,963905998;0,556913392;0,709066139;0,196482735;0,722994139;0,247200804;-0,153447266;0,570943178;-0,131305546;0,024393101;1,489558418;0,997248666;0,487456846;0,684688359;-0,100768355;1,251616157
2027;ctx-rh-rostralmiddlefrontal;0,439333837;1,158614181;1,016328363;0,185329813;0,144866062;-0,594078137;0,37274683;-0,175772185;-0,382740896;-0,691181424;0,519722641;0,679903909;0,79531234;-0,039633282;-0,364812505;0,711818916
2028;ctx-rh-superiorfrontal;0,464354503;0,788322344;0,842891274;0,055143782;0,393052005;-0,632434465;0,263469216;-0,145636958;-0,386604639;-0,798027226;0,415458761;0,551261011;0,501717116;-0,032761812;-0,3715169;0,674235039
2029;ctx-rh-superiorparietal;-0,08954224;0,19067292;0,517849306;0,05329374;-0,058630267;-0,771970793;-0,340649459;-0,50931144;-0,409577596;-0,885294601;0,167995433;0,35272134;0,434977142;-0,620619268;-0,493189184;0,178255255
2030;ctx-rh-superiortemporal;1,004701661;-0,045381027;0,757782185;0,376756197;0,41729177;0,02633299;-0,39955174;0,019624881;-0,073662742;-0,364673045;0,202047161;0,596651122;0,659523625;0,643788001;-0,237924742;0,741591056
2031;ctx-rh-supramarginal;0,373214451;0,5802705;0,890727307;0,475285067;-0,014878823;-0,595220992;-0,4364403;-0,152808146;-0,320724217;-0,601891072;0,467714883;0,5975634;0,548830753;-0,232164059;-0,337395402;0,800633027
2034;ctx-rh-transversetemporal;0,655585323;0,772931024;0,924629249;-0,020832065;0,778981638;0,25984161;0,313203771;0,379280026;-0,244840161;-0,089210017;1,536830737;0,940843784;0,766517657;1,881964873;0,110827171;1,101536467
2035;ctx-rh-insula;1,416408101;0,486158892;0,541086586;0,179185173;0,947541886;0,677017719;0,146373246;0,52652587;0,206297899;0,507661536;0,784922977;0,88030111;0,821865187;1,280393727;0,129493023;1,093321383
